gender,race/ethnicity,parental level of education,lunch,test preparation course,math score,reading score,writing score,fecha,tiempo_redes_horas,categoria_rendimiento,generacion
female,group B,bachelor's degree,standard,none,72,72,74,1999-12-16,4.8,Medio,Gen Z
female,group C,some college,standard,completed,69,90,88,2001-01-17,4.8,Medio,Gen Z
female,group B,master's degree,standard,none,90,95,93,2007-02-25,1.2,Alto,Gen Z
male,group A,associate's degree,free/reduced,none,47,57,44,2001-05-09,7.4,Bajo,Gen Z
male,group C,some college,standard,none,76,78,75,2008-10-04,4.3,Medio,Gen Z
female,group B,associate's degree,standard,none,71,83,78,1997-06-19,4.5,Medio,Gen Z
female,group B,some college,standard,completed,88,95,92,2002-04-04,1.6,Alto,Gen Z
male,group B,some college,free/reduced,none,40,43,39,2005-06-23,5.1,Bajo,Gen Z
male,group D,high school,free/reduced,completed,64,64,67,1998-02-13,5.2,Bajo,Gen Z
female,group B,high school,free/reduced,none,38,60,50,1997-10-01,4.6,Bajo,Gen Z
male,group C,associate's degree,standard,none,58,54,52,2004-01-15,5.9,Bajo,Gen Z
male,group D,associate's degree,standard,none,40,52,43,1996-02-17,6.0,Bajo,Millennials
female,group B,high school,standard,none,65,81,73,1996-11-21,3.5,Medio,Millennials
male,group A,some college,standard,completed,78,72,70,2009-06-01,2.7,Medio,Gen Z
female,group A,master's degree,standard,none,50,53,58,1995-08-09,6.7,Bajo,Millennials
female,group C,some high school,standard,none,69,75,78,1997-05-21,4.5,Medio,Gen Z
male,group C,high school,standard,none,88,89,86,1998-02-05,0.5,Alto,Gen Z
female,group B,some high school,free/reduced,none,18,32,28,2003-05-02,4.6,Bajo,Gen Z
male,group C,master's degree,free/reduced,completed,46,42,46,1995-02-19,5.5,Bajo,Millennials
female,group C,associate's degree,free/reduced,none,54,58,61,1997-08-13,6.8,Bajo,Gen Z
male,group D,high school,standard,none,66,69,63,2007-08-07,5.9,Bajo,Gen Z
female,group B,some college,free/reduced,completed,65,75,70,2001-09-24,4.1,Medio,Gen Z
male,group D,some college,standard,none,44,54,53,2008-05-20,7.0,Bajo,Gen Z
female,group C,some high school,standard,none,69,73,73,1997-09-07,3.4,Medio,Gen Z
male,group D,bachelor's degree,free/reduced,completed,74,71,80,1996-02-09,4.9,Medio,Millennials
male,group A,master's degree,free/reduced,none,73,74,72,1997-10-17,2.9,Medio,Gen Z
male,group B,some college,standard,none,69,54,55,2008-09-19,4.3,Bajo,Gen Z
female,group C,bachelor's degree,standard,none,67,69,75,2001-03-19,4.6,Medio,Gen Z
male,group C,high school,standard,none,70,70,65,2009-03-12,4.5,Bajo,Gen Z
female,group D,master's degree,standard,none,62,70,75,2004-09-12,7.0,Bajo,Gen Z
female,group D,some college,standard,none,69,74,74,2001-08-01,2.6,Medio,Gen Z
female,group B,some college,standard,none,63,65,61,1995-04-02,5.8,Bajo,Millennials
female,group E,master's degree,free/reduced,none,56,72,65,2009-08-09,4.7,Bajo,Gen Z
male,group D,some college,standard,none,40,42,38,2004-12-09,7.6,Bajo,Gen Z
male,group E,some college,standard,none,97,87,82,2003-06-09,0.7,Alto,Gen Z
male,group E,associate's degree,standard,completed,81,81,79,2007-09-13,2.3,Medio,Gen Z
female,group D,associate's degree,standard,none,74,81,83,2010-10-24,3.9,Medio,Gen Z
female,group D,some high school,free/reduced,none,50,64,59,2000-05-24,7.2,Bajo,Gen Z
female,group D,associate's degree,free/reduced,completed,75,90,88,2004-08-22,2.7,Medio,Gen Z
male,group B,associate's degree,free/reduced,none,57,56,57,2000-02-10,4.0,Bajo,Gen Z
male,group C,associate's degree,free/reduced,none,55,61,54,2005-08-10,5.7,Bajo,Gen Z
female,group C,associate's degree,standard,none,58,73,68,1999-02-12,5.8,Bajo,Gen Z
female,group B,associate's degree,standard,none,53,58,65,1998-07-13,4.3,Bajo,Gen Z
male,group B,some college,free/reduced,completed,59,65,66,2008-08-17,6.3,Bajo,Gen Z
female,group E,associate's degree,free/reduced,none,50,56,54,2006-09-15,5.9,Bajo,Gen Z
male,group B,associate's degree,standard,none,65,54,57,1999-08-01,7.7,Bajo,Gen Z
female,group A,associate's degree,standard,completed,55,65,62,2004-04-23,5.7,Bajo,Gen Z
female,group C,high school,standard,none,66,71,76,2000-02-02,3.1,Medio,Gen Z
female,group D,associate's degree,free/reduced,completed,57,74,76,1996-10-26,4.6,Bajo,Millennials
male,group C,high school,standard,completed,82,84,82,2003-01-11,4.8,Medio,Gen Z
male,group E,some college,standard,none,53,55,48,1995-08-11,4.3,Bajo,Millennials
male,group E,associate's degree,free/reduced,completed,77,69,68,2002-01-21,4.2,Medio,Gen Z
male,group C,some college,standard,none,53,44,42,2000-02-19,6.0,Bajo,Gen Z
male,group D,high school,standard,none,88,78,75,2002-10-11,3.4,Medio,Gen Z
female,group C,some high school,free/reduced,completed,71,84,87,2006-02-11,3.3,Medio,Gen Z
female,group C,high school,free/reduced,none,33,41,43,1997-01-26,5.5,Bajo,Gen Z
female,group E,associate's degree,standard,completed,82,85,86,2005-07-22,2.3,Medio,Gen Z
male,group D,associate's degree,standard,none,52,55,49,1997-06-12,8.0,Bajo,Gen Z
male,group D,some college,standard,completed,58,59,58,1999-12-11,4.3,Bajo,Gen Z
female,group C,some high school,free/reduced,none,0,17,10,2003-08-08,4.0,Bajo,Gen Z
male,group E,bachelor's degree,free/reduced,completed,79,74,72,1998-02-17,2.8,Medio,Gen Z
male,group A,some high school,free/reduced,none,39,39,34,2002-03-21,5.8,Bajo,Gen Z
male,group A,associate's degree,free/reduced,none,62,61,55,2008-12-01,7.8,Bajo,Gen Z
female,group C,associate's degree,standard,none,69,80,71,1999-04-13,3.9,Medio,Gen Z
female,group D,some high school,standard,none,59,58,59,2009-01-24,5.0,Bajo,Gen Z
male,group B,some high school,standard,none,67,64,61,2005-01-22,7.7,Bajo,Gen Z
male,group D,some high school,free/reduced,none,45,37,37,1999-06-10,4.4,Bajo,Gen Z
female,group C,some college,standard,none,60,72,74,2009-07-08,6.6,Bajo,Gen Z
male,group B,associate's degree,free/reduced,none,61,58,56,1996-03-11,7.1,Bajo,Millennials
female,group C,associate's degree,standard,none,39,64,57,2001-03-13,5.8,Bajo,Gen Z
female,group D,some college,free/reduced,completed,58,63,73,1996-10-27,6.7,Bajo,Millennials
male,group D,some college,standard,completed,63,55,63,2005-02-14,4.8,Bajo,Gen Z
female,group A,associate's degree,free/reduced,none,41,51,48,2006-02-03,7.5,Bajo,Gen Z
male,group C,some high school,free/reduced,none,61,57,56,2003-11-04,6.4,Bajo,Gen Z
male,group C,some high school,standard,none,49,49,41,2009-07-26,7.9,Bajo,Gen Z
male,group B,associate's degree,free/reduced,none,44,41,38,2007-12-12,4.3,Bajo,Gen Z
male,group E,some high school,standard,none,30,26,22,1996-08-11,4.6,Bajo,Millennials
male,group A,bachelor's degree,standard,completed,80,78,81,2005-09-13,3.2,Medio,Gen Z
female,group D,some high school,standard,completed,61,74,72,2002-11-05,4.4,Bajo,Gen Z
female,group E,master's degree,standard,none,62,68,68,1998-11-20,5.1,Bajo,Gen Z
female,group B,associate's degree,standard,none,47,49,50,2006-01-08,6.5,Bajo,Gen Z
male,group B,high school,free/reduced,none,49,45,45,2007-02-13,7.4,Bajo,Gen Z
male,group A,some college,free/reduced,completed,50,47,54,2002-08-02,7.0,Bajo,Gen Z
male,group E,associate's degree,standard,none,72,64,63,2000-03-04,7.4,Bajo,Gen Z
male,group D,high school,free/reduced,none,42,39,34,1997-04-01,7.4,Bajo,Gen Z
female,group C,some college,standard,none,73,80,82,1996-01-11,3.9,Medio,Millennials
female,group C,some college,free/reduced,none,76,83,88,1997-01-22,2.1,Medio,Gen Z
female,group D,associate's degree,standard,none,71,71,74,2009-03-11,3.0,Medio,Gen Z
female,group A,some college,standard,none,58,70,67,2000-06-17,5.6,Bajo,Gen Z
female,group D,some high school,standard,none,73,86,82,2001-12-07,3.1,Medio,Gen Z
female,group C,bachelor's degree,standard,none,65,72,74,2010-08-08,3.6,Medio,Gen Z
male,group C,high school,free/reduced,none,27,34,36,1999-04-09,5.4,Bajo,Gen Z
male,group C,high school,standard,none,71,79,71,2010-01-13,4.8,Medio,Gen Z
male,group C,associate's degree,free/reduced,completed,43,45,50,2010-07-06,5.2,Bajo,Gen Z
female,group B,some college,standard,none,79,86,92,2000-12-01,1.6,Alto,Gen Z
male,group C,associate's degree,free/reduced,completed,78,81,82,2000-04-22,4.3,Medio,Gen Z
male,group B,some high school,standard,completed,65,66,62,2002-05-20,7.2,Bajo,Gen Z
female,group E,some college,standard,completed,63,72,70,1998-04-13,6.8,Bajo,Gen Z
female,group D,some college,free/reduced,none,58,67,62,2010-08-26,7.2,Bajo,Gen Z
female,group D,bachelor's degree,standard,none,65,67,62,2004-12-05,4.2,Bajo,Gen Z
male,group B,some college,standard,none,79,67,67,1998-01-05,3.0,Medio,Gen Z
male,group D,bachelor's degree,standard,completed,68,74,74,1998-06-14,3.1,Medio,Gen Z
female,group D,associate's degree,standard,none,85,91,89,2003-10-24,1.4,Alto,Gen Z
male,group B,high school,standard,completed,60,44,47,2004-12-13,7.0,Bajo,Gen Z
male,group C,some college,standard,completed,98,86,90,2000-09-24,0.8,Alto,Gen Z
female,group C,some college,standard,none,58,67,72,1999-04-05,4.7,Bajo,Gen Z
female,group D,master's degree,standard,none,87,100,100,1998-01-05,0.8,Alto,Gen Z
male,group E,associate's degree,standard,completed,66,63,64,2002-06-15,6.4,Bajo,Gen Z
female,group B,associate's degree,free/reduced,none,52,76,70,2009-02-09,7.8,Bajo,Gen Z
female,group B,some high school,standard,none,70,64,72,2000-11-22,5.2,Bajo,Gen Z
female,group D,associate's degree,free/reduced,completed,77,89,98,2007-07-02,1.4,Alto,Gen Z
male,group C,high school,standard,none,62,55,49,2009-09-12,7.7,Bajo,Gen Z
male,group A,associate's degree,standard,none,54,53,47,1995-11-11,7.1,Bajo,Millennials
female,group D,some college,standard,none,51,58,54,1996-05-14,6.9,Bajo,Millennials
female,group E,bachelor's degree,standard,completed,99,100,100,2002-06-09,1.9,Alto,Gen Z
male,group C,high school,standard,none,84,77,74,2001-12-06,2.4,Medio,Gen Z
female,group B,bachelor's degree,free/reduced,none,75,85,82,2008-07-11,2.7,Medio,Gen Z
female,group D,bachelor's degree,standard,none,78,82,79,2001-06-18,2.0,Medio,Gen Z
female,group D,some high school,standard,none,51,63,61,1996-07-28,4.6,Bajo,Millennials
female,group C,some college,standard,none,55,69,65,1997-02-28,5.1,Bajo,Gen Z
female,group C,bachelor's degree,standard,completed,79,92,89,1999-01-20,1.6,Alto,Gen Z
male,group B,associate's degree,standard,completed,91,89,92,2005-02-14,1.4,Alto,Gen Z
female,group C,some college,standard,completed,88,93,93,2002-11-06,1.6,Alto,Gen Z
male,group D,high school,free/reduced,none,63,57,56,2008-05-28,6.6,Bajo,Gen Z
male,group E,some college,standard,none,83,80,73,2000-03-06,4.3,Medio,Gen Z
female,group B,high school,standard,none,87,95,86,2004-04-14,2.0,Alto,Gen Z
male,group B,some high school,standard,none,72,68,67,2001-01-01,4.1,Bajo,Gen Z
male,group D,some college,standard,completed,65,77,74,1995-06-03,4.5,Medio,Millennials
male,group D,master's degree,standard,none,82,82,74,1996-12-04,4.7,Medio,Millennials
female,group A,bachelor's degree,standard,none,51,49,51,1997-12-10,5.8,Bajo,Gen Z
male,group D,master's degree,standard,none,89,84,82,1998-09-06,1.4,Alto,Gen Z
male,group C,some high school,free/reduced,completed,53,37,40,2003-12-24,6.3,Bajo,Gen Z
male,group E,some college,free/reduced,completed,87,74,70,1999-04-01,2.4,Medio,Gen Z
female,group C,some college,standard,completed,75,81,84,1995-05-10,3.4,Medio,Millennials
male,group D,bachelor's degree,free/reduced,completed,74,79,75,2003-10-13,3.9,Medio,Gen Z
male,group C,bachelor's degree,standard,none,58,55,48,1995-11-20,5.1,Bajo,Millennials
male,group B,some high school,standard,completed,51,54,41,2009-12-10,6.4,Bajo,Gen Z
male,group E,high school,standard,none,70,55,56,2005-10-18,5.9,Bajo,Gen Z
female,group C,associate's degree,standard,none,59,66,67,2003-10-14,6.2,Bajo,Gen Z
male,group D,some college,standard,completed,71,61,69,2002-10-04,8.0,Bajo,Gen Z
female,group D,some high school,standard,none,76,72,71,2001-07-15,4.9,Medio,Gen Z
female,group C,some college,free/reduced,none,59,62,64,2009-01-14,4.7,Bajo,Gen Z
female,group E,some college,free/reduced,completed,42,55,54,2010-01-12,6.2,Bajo,Gen Z
male,group A,high school,standard,none,57,43,47,2002-04-26,6.0,Bajo,Gen Z
male,group D,some college,standard,none,88,73,78,2002-08-19,3.0,Medio,Gen Z
female,group C,some college,free/reduced,none,22,39,33,2003-11-14,6.7,Bajo,Gen Z
male,group B,some high school,standard,none,88,84,75,2005-02-19,2.4,Medio,Gen Z
male,group C,associate's degree,free/reduced,none,73,68,66,1999-08-27,7.2,Bajo,Gen Z
female,group D,bachelor's degree,standard,completed,68,75,81,2006-10-23,2.8,Medio,Gen Z
male,group E,associate's degree,free/reduced,completed,100,100,93,2000-04-23,1.8,Alto,Gen Z
male,group A,some high school,standard,completed,62,67,69,2000-11-24,6.4,Bajo,Gen Z
male,group A,bachelor's degree,standard,none,77,67,68,2010-04-13,2.8,Medio,Gen Z
female,group B,associate's degree,standard,completed,59,70,66,2009-10-15,7.4,Bajo,Gen Z
male,group D,bachelor's degree,standard,none,54,49,47,1997-05-02,5.1,Bajo,Gen Z
male,group D,some high school,standard,none,62,67,61,2004-11-01,5.6,Bajo,Gen Z
female,group C,some college,standard,completed,70,89,88,1999-10-20,3.5,Medio,Gen Z
female,group E,high school,free/reduced,completed,66,74,78,2003-12-24,3.7,Medio,Gen Z
male,group B,some college,free/reduced,none,60,60,60,1999-03-05,7.9,Bajo,Gen Z
female,group B,associate's degree,standard,completed,61,86,87,1996-03-01,3.2,Medio,Millennials
male,group D,associate's degree,free/reduced,none,66,62,64,2003-01-09,4.1,Bajo,Gen Z
male,group B,associate's degree,free/reduced,completed,82,78,74,2006-05-27,4.8,Medio,Gen Z
female,group E,some college,free/reduced,completed,75,88,85,2001-09-24,3.1,Medio,Gen Z
male,group B,master's degree,free/reduced,none,49,53,52,2004-10-20,6.8,Bajo,Gen Z
male,group C,high school,standard,none,52,53,49,1997-11-02,4.5,Bajo,Gen Z
female,group E,master's degree,standard,none,81,92,91,2002-11-16,1.0,Alto,Gen Z
female,group C,bachelor's degree,standard,completed,96,100,100,2006-07-09,1.3,Alto,Gen Z
male,group C,high school,free/reduced,completed,53,51,51,2003-10-04,7.4,Bajo,Gen Z
female,group B,master's degree,free/reduced,completed,58,76,78,2009-06-21,2.6,Medio,Gen Z
female,group B,high school,standard,completed,68,83,78,2003-04-12,3.1,Medio,Gen Z
female,group C,some college,free/reduced,completed,67,75,70,1995-02-19,2.3,Medio,Millennials
male,group A,high school,standard,completed,72,73,74,2005-12-12,3.8,Medio,Gen Z
male,group E,some high school,standard,none,94,88,78,2003-04-03,0.5,Alto,Gen Z
female,group D,some college,standard,none,79,86,81,1995-02-28,3.5,Medio,Millennials
female,group C,associate's degree,standard,none,63,67,70,2002-02-27,7.5,Bajo,Gen Z
female,group C,bachelor's degree,free/reduced,completed,43,51,54,1995-09-15,4.2,Bajo,Millennials
female,group C,master's degree,standard,completed,81,91,87,1999-07-06,1.4,Alto,Gen Z
female,group B,high school,free/reduced,completed,46,54,58,2002-09-12,4.0,Bajo,Gen Z
female,group C,associate's degree,standard,completed,71,77,77,2004-04-03,3.5,Medio,Gen Z
female,group B,master's degree,free/reduced,completed,52,70,62,1996-01-24,6.3,Bajo,Millennials
female,group D,some high school,standard,completed,97,100,100,2000-10-21,1.4,Alto,Gen Z
male,group C,master's degree,free/reduced,completed,62,68,75,2001-01-02,7.2,Bajo,Gen Z
female,group C,some college,free/reduced,none,46,64,66,2007-04-25,7.0,Bajo,Gen Z
female,group E,high school,standard,none,50,50,47,1996-04-02,6.1,Bajo,Millennials
female,group D,associate's degree,standard,none,65,69,70,1995-02-01,6.8,Bajo,Millennials
male,group C,some high school,free/reduced,completed,45,52,49,2004-06-16,7.8,Bajo,Gen Z
male,group C,associate's degree,free/reduced,completed,65,67,65,1997-11-19,4.3,Bajo,Gen Z
male,group E,high school,standard,none,80,76,65,2002-10-26,4.6,Medio,Gen Z
male,group D,some high school,standard,completed,62,66,68,2008-12-06,5.4,Bajo,Gen Z
male,group B,some high school,free/reduced,none,48,52,45,1999-01-26,7.3,Bajo,Gen Z
female,group C,bachelor's degree,standard,none,77,88,87,2005-11-15,3.1,Medio,Gen Z
female,group E,associate's degree,standard,none,66,65,69,2006-11-27,7.7,Bajo,Gen Z
male,group D,some college,standard,completed,76,83,79,2004-10-04,4.7,Medio,Gen Z
female,group B,some high school,standard,none,62,64,66,2003-03-11,7.7,Bajo,Gen Z
male,group D,some college,standard,completed,77,62,62,2000-08-20,4.5,Bajo,Gen Z
female,group C,master's degree,standard,completed,69,84,85,2001-08-01,3.0,Medio,Gen Z
male,group D,associate's degree,standard,none,61,55,52,2010-01-12,5.2,Bajo,Gen Z
male,group C,some high school,free/reduced,completed,59,69,65,2004-09-17,7.0,Bajo,Gen Z
male,group E,high school,free/reduced,none,55,56,51,2002-02-16,6.0,Bajo,Gen Z
female,group B,some college,free/reduced,none,45,53,55,2007-09-17,6.8,Bajo,Gen Z
female,group B,bachelor's degree,free/reduced,none,78,79,76,2008-09-10,5.0,Medio,Gen Z
female,group C,associate's degree,standard,completed,67,84,86,1998-07-15,2.0,Medio,Gen Z
female,group D,some college,free/reduced,none,65,81,77,1995-06-15,2.7,Medio,Millennials
male,group C,associate's degree,standard,none,69,77,69,2008-09-13,4.4,Medio,Gen Z
female,group B,associate's degree,standard,none,57,69,68,2008-11-16,4.9,Bajo,Gen Z
male,group C,some college,standard,none,59,41,42,2004-05-14,6.6,Bajo,Gen Z
male,group D,some high school,standard,completed,74,71,78,1998-08-22,4.2,Medio,Gen Z
male,group E,bachelor's degree,standard,none,82,62,62,1999-07-07,4.5,Bajo,Gen Z
male,group E,high school,standard,completed,81,80,76,1996-07-19,3.8,Medio,Millennials
female,group B,some college,free/reduced,none,74,81,76,2002-07-07,3.9,Medio,Gen Z
female,group B,some college,free/reduced,none,58,61,66,1997-09-17,7.5,Bajo,Gen Z
male,group D,some high school,free/reduced,completed,80,79,79,2007-08-27,4.5,Medio,Gen Z
male,group C,some college,free/reduced,none,35,28,27,2010-05-10,6.9,Bajo,Gen Z
female,group C,high school,free/reduced,none,42,62,60,1996-02-04,6.5,Bajo,Millennials
male,group C,associate's degree,free/reduced,completed,60,51,56,1995-02-14,8.0,Bajo,Millennials
male,group E,high school,standard,completed,87,91,81,2004-04-24,1.8,Alto,Gen Z
male,group B,some high school,standard,completed,84,83,75,1998-03-03,2.8,Medio,Gen Z
female,group E,associate's degree,free/reduced,completed,83,86,88,2002-01-24,0.7,Alto,Gen Z
female,group C,high school,free/reduced,none,34,42,39,1996-11-17,5.0,Bajo,Millennials
male,group B,high school,free/reduced,none,66,77,70,1999-04-11,3.7,Medio,Gen Z
male,group B,some high school,standard,completed,61,56,56,2001-10-12,7.4,Bajo,Gen Z
female,group D,high school,standard,completed,56,68,74,2006-07-19,5.3,Bajo,Gen Z
male,group B,associate's degree,standard,none,87,85,73,2003-08-24,4.3,Medio,Gen Z
female,group C,some high school,free/reduced,none,55,65,62,2010-04-06,4.0,Bajo,Gen Z
male,group D,some high school,standard,none,86,80,75,2003-01-08,4.2,Medio,Gen Z
female,group B,associate's degree,standard,completed,52,66,73,1999-05-28,7.9,Bajo,Gen Z
female,group E,master's degree,free/reduced,none,45,56,54,2003-09-17,7.5,Bajo,Gen Z
female,group C,some college,standard,none,72,72,71,1995-09-26,4.8,Medio,Millennials
male,group D,high school,standard,none,57,50,54,1997-01-17,5.7,Bajo,Gen Z
male,group A,some high school,free/reduced,none,68,72,64,2003-07-25,5.9,Bajo,Gen Z
female,group C,some college,standard,completed,88,95,94,1997-02-03,2.0,Alto,Gen Z
male,group D,some college,standard,none,76,64,66,1998-05-08,7.8,Bajo,Gen Z
male,group C,associate's degree,standard,none,46,43,42,2009-09-28,5.5,Bajo,Gen Z
female,group B,bachelor's degree,standard,none,67,86,83,2004-05-09,4.6,Medio,Gen Z
male,group E,some high school,standard,none,92,87,78,2001-03-19,0.9,Alto,Gen Z
male,group C,bachelor's degree,standard,completed,83,82,84,2003-07-12,4.9,Medio,Gen Z
male,group D,associate's degree,standard,none,80,75,77,2008-08-20,4.3,Medio,Gen Z
male,group D,bachelor's degree,free/reduced,none,63,66,67,2005-01-09,4.5,Bajo,Gen Z
female,group D,some high school,standard,completed,64,60,74,1999-07-03,4.8,Bajo,Gen Z
male,group B,some college,standard,none,54,52,51,1998-10-28,4.7,Bajo,Gen Z
male,group C,associate's degree,standard,none,84,80,80,2000-06-04,2.7,Medio,Gen Z
male,group D,high school,free/reduced,completed,73,68,66,1999-10-05,4.6,Bajo,Gen Z
female,group E,bachelor's degree,standard,none,80,83,83,1997-05-22,3.5,Medio,Gen Z
female,group D,high school,standard,none,56,52,55,2010-06-02,6.6,Bajo,Gen Z
male,group E,some college,standard,none,59,51,43,2008-12-02,6.7,Bajo,Gen Z
male,group D,some high school,standard,none,75,74,69,2007-05-26,3.2,Medio,Gen Z
male,group C,associate's degree,standard,none,85,76,71,2005-08-08,4.1,Medio,Gen Z
male,group E,associate's degree,standard,none,89,76,74,2003-11-16,3.7,Medio,Gen Z
female,group B,high school,standard,completed,58,70,68,1996-08-09,5.8,Bajo,Millennials
female,group B,high school,standard,none,65,64,62,2001-01-12,5.8,Bajo,Gen Z
male,group C,high school,standard,none,68,60,53,2007-01-15,6.9,Bajo,Gen Z
male,group A,some high school,standard,completed,47,49,49,1995-08-01,6.3,Bajo,Millennials
female,group D,some college,free/reduced,none,71,83,83,2009-07-02,4.7,Medio,Gen Z
female,group B,some high school,standard,completed,60,70,70,1999-06-22,7.4,Bajo,Gen Z
male,group D,master's degree,standard,none,80,80,72,1995-02-23,2.6,Medio,Millennials
male,group D,high school,standard,none,54,52,52,1997-01-05,5.8,Bajo,Gen Z
female,group E,some college,standard,none,62,73,70,2010-09-05,6.9,Bajo,Gen Z
female,group C,associate's degree,free/reduced,none,64,73,68,2006-11-15,5.1,Bajo,Gen Z
male,group C,associate's degree,standard,completed,78,77,77,2000-07-17,3.8,Medio,Gen Z
female,group B,some college,standard,none,70,75,78,1997-02-13,4.1,Medio,Gen Z
female,group C,master's degree,free/reduced,completed,65,81,81,2007-09-12,2.4,Medio,Gen Z
female,group C,some high school,free/reduced,completed,64,79,77,2003-04-06,2.6,Medio,Gen Z
male,group C,some college,standard,completed,79,79,78,2004-08-12,3.1,Medio,Gen Z
female,group C,some high school,free/reduced,none,44,50,51,1999-04-21,5.6,Bajo,Gen Z
female,group E,high school,standard,none,99,93,90,2004-12-13,0.7,Alto,Gen Z
male,group D,high school,standard,none,76,73,68,2001-06-27,2.5,Medio,Gen Z
male,group D,some high school,free/reduced,none,59,42,41,1995-04-13,6.4,Bajo,Millennials
female,group C,bachelor's degree,standard,none,63,75,81,2000-05-01,2.2,Medio,Gen Z
female,group D,high school,standard,none,69,72,77,2001-02-13,2.8,Medio,Gen Z
female,group D,associate's degree,standard,completed,88,92,95,2010-03-25,1.4,Alto,Gen Z
female,group E,some college,free/reduced,none,71,76,70,1995-11-20,4.5,Medio,Millennials
male,group C,bachelor's degree,standard,none,69,63,61,2000-11-06,5.4,Bajo,Gen Z
male,group C,some college,standard,none,58,49,42,2000-05-09,4.4,Bajo,Gen Z
female,group D,associate's degree,free/reduced,none,47,53,58,2002-06-06,5.4,Bajo,Gen Z
female,group D,some college,standard,none,65,70,71,1997-12-01,5.8,Bajo,Gen Z
male,group B,some college,standard,completed,88,85,76,2009-05-09,4.1,Medio,Gen Z
male,group C,bachelor's degree,standard,none,83,78,73,1998-08-21,2.2,Medio,Gen Z
female,group C,some high school,standard,completed,85,92,93,1995-09-04,1.6,Alto,Millennials
female,group E,high school,standard,completed,59,63,75,2008-11-17,6.0,Bajo,Gen Z
female,group C,some high school,free/reduced,none,65,86,80,1997-05-02,4.7,Medio,Gen Z
male,group B,bachelor's degree,free/reduced,none,73,56,57,2010-07-14,7.5,Bajo,Gen Z
male,group D,high school,standard,none,53,52,42,1996-08-24,4.8,Bajo,Millennials
male,group D,high school,standard,none,45,48,46,1995-01-10,7.5,Bajo,Millennials
female,group D,bachelor's degree,free/reduced,none,73,79,84,2008-06-23,2.4,Medio,Gen Z
female,group D,some college,free/reduced,completed,70,78,78,2001-01-24,3.1,Medio,Gen Z
female,group B,some high school,standard,none,37,46,46,1996-11-18,4.8,Bajo,Millennials
male,group B,associate's degree,standard,completed,81,82,82,2004-09-13,2.8,Medio,Gen Z
male,group E,associate's degree,standard,completed,97,82,88,1996-01-07,1.8,Alto,Millennials
female,group B,some high school,standard,none,67,89,82,2009-08-19,2.0,Medio,Gen Z
male,group B,bachelor's degree,free/reduced,none,88,75,76,2004-07-09,2.9,Medio,Gen Z
male,group E,some high school,standard,completed,77,76,77,1996-11-25,3.1,Medio,Millennials
male,group C,associate's degree,standard,none,76,70,68,2000-07-07,2.8,Medio,Gen Z
male,group D,some high school,standard,none,86,73,70,1997-06-17,5.0,Medio,Gen Z
male,group C,some high school,standard,completed,63,60,57,1999-03-10,7.5,Bajo,Gen Z
female,group E,bachelor's degree,standard,none,65,73,75,1997-06-11,2.5,Medio,Gen Z
male,group D,high school,free/reduced,completed,78,77,80,1998-10-15,4.6,Medio,Gen Z
male,group B,associate's degree,free/reduced,none,67,62,60,2008-10-03,6.3,Bajo,Gen Z
male,group A,some high school,standard,completed,46,41,43,2001-09-22,6.6,Bajo,Gen Z
male,group E,associate's degree,standard,completed,71,74,68,2004-11-09,2.2,Medio,Gen Z
male,group C,high school,free/reduced,completed,40,46,50,2005-03-26,7.3,Bajo,Gen Z
male,group D,associate's degree,free/reduced,none,90,87,75,2003-11-02,2.8,Medio,Gen Z
male,group A,some college,free/reduced,completed,81,78,81,1997-04-25,2.7,Medio,Gen Z
male,group D,some high school,free/reduced,none,56,54,52,1995-12-05,7.3,Bajo,Millennials
female,group C,associate's degree,standard,completed,67,84,81,1995-08-25,3.9,Medio,Millennials
male,group B,associate's degree,standard,none,80,76,64,2000-07-13,2.3,Medio,Gen Z
female,group C,associate's degree,standard,completed,74,75,83,1998-08-21,3.5,Medio,Gen Z
male,group A,some college,standard,none,69,67,69,2008-12-16,7.6,Bajo,Gen Z
male,group E,some college,standard,completed,99,87,81,2005-08-04,0.9,Alto,Gen Z
male,group C,some high school,standard,none,51,52,44,1997-03-12,6.1,Bajo,Gen Z
female,group B,associate's degree,free/reduced,none,53,71,67,2000-05-18,7.1,Bajo,Gen Z
female,group D,high school,free/reduced,none,49,57,52,2006-09-11,5.9,Bajo,Gen Z
female,group B,associate's degree,standard,none,73,76,80,1997-04-11,3.1,Medio,Gen Z
male,group B,bachelor's degree,standard,none,66,60,57,2001-11-25,6.8,Bajo,Gen Z
male,group D,bachelor's degree,standard,completed,67,61,68,1997-10-11,4.0,Bajo,Gen Z
female,group C,associate's degree,free/reduced,completed,68,67,69,2003-11-11,6.0,Bajo,Gen Z
female,group C,bachelor's degree,standard,completed,59,64,75,2007-04-19,5.1,Bajo,Gen Z
male,group C,high school,standard,none,71,66,65,1999-07-25,6.9,Bajo,Gen Z
female,group D,master's degree,standard,completed,77,82,91,2000-11-13,2.7,Medio,Gen Z
male,group C,associate's degree,standard,none,83,72,78,2001-08-21,4.2,Medio,Gen Z
male,group B,bachelor's degree,standard,none,63,71,69,2002-04-13,7.8,Bajo,Gen Z
female,group D,associate's degree,free/reduced,none,56,65,63,2002-01-24,6.5,Bajo,Gen Z
female,group C,high school,free/reduced,completed,67,79,84,2005-09-21,4.9,Medio,Gen Z
female,group E,high school,standard,none,75,86,79,2002-07-28,3.8,Medio,Gen Z
female,group C,some college,standard,none,71,81,80,1995-08-20,2.1,Medio,Millennials
female,group C,some high school,free/reduced,none,43,53,53,2004-07-22,7.0,Bajo,Gen Z
female,group C,high school,free/reduced,none,41,46,43,2001-06-27,4.8,Bajo,Gen Z
female,group C,some college,standard,none,82,90,94,2004-09-16,1.4,Alto,Gen Z
male,group C,some college,standard,none,61,61,62,2001-07-03,6.9,Bajo,Gen Z
male,group A,some college,free/reduced,none,28,23,19,1995-11-17,5.3,Bajo,Millennials
male,group C,associate's degree,standard,completed,82,75,77,2010-09-27,4.3,Medio,Gen Z
female,group B,some high school,standard,none,41,55,51,2008-12-20,7.5,Bajo,Gen Z
male,group C,high school,standard,none,71,60,61,1995-02-01,7.2,Bajo,Millennials
male,group C,associate's degree,standard,none,47,37,35,2006-07-10,6.4,Bajo,Gen Z
male,group E,associate's degree,standard,completed,62,56,53,2006-11-13,7.8,Bajo,Gen Z
male,group B,associate's degree,standard,none,90,78,81,2005-06-27,2.4,Medio,Gen Z
female,group C,bachelor's degree,standard,none,83,93,95,2004-12-28,0.7,Alto,Gen Z
female,group B,some college,free/reduced,none,61,68,66,2003-03-07,5.2,Bajo,Gen Z
male,group D,some high school,standard,completed,76,70,69,2003-12-27,2.5,Medio,Gen Z
male,group C,associate's degree,standard,none,49,51,43,1997-04-10,4.2,Bajo,Gen Z
female,group B,some high school,free/reduced,none,24,38,27,2009-10-03,6.2,Bajo,Gen Z
female,group D,some high school,free/reduced,completed,35,55,60,1997-02-15,6.9,Bajo,Gen Z
male,group C,high school,free/reduced,none,58,61,52,2002-08-15,4.4,Bajo,Gen Z
female,group C,high school,standard,none,61,73,63,1995-04-16,7.7,Bajo,Millennials
female,group B,high school,standard,completed,69,76,74,2003-03-14,3.6,Medio,Gen Z
male,group D,associate's degree,standard,completed,67,72,67,2000-04-25,4.2,Bajo,Gen Z
male,group D,some college,standard,none,79,73,67,2007-01-05,3.2,Medio,Gen Z
female,group C,high school,standard,none,72,80,75,2002-03-17,4.1,Medio,Gen Z
male,group B,some college,standard,none,62,61,57,2003-06-09,5.0,Bajo,Gen Z
female,group C,bachelor's degree,standard,completed,77,94,95,2004-12-25,0.9,Alto,Gen Z
male,group D,high school,free/reduced,none,75,74,66,1995-05-16,3.2,Medio,Millennials
male,group E,associate's degree,standard,none,87,74,76,1997-04-15,3.8,Medio,Gen Z
female,group B,bachelor's degree,standard,none,52,65,69,1995-03-06,4.4,Bajo,Millennials
male,group E,some college,standard,none,66,57,52,1995-06-11,7.4,Bajo,Millennials
female,group C,some college,standard,completed,63,78,80,2006-05-20,4.4,Medio,Gen Z
female,group C,associate's degree,standard,none,46,58,57,2010-06-15,6.5,Bajo,Gen Z
female,group C,some college,standard,none,59,71,70,1995-12-07,7.9,Bajo,Millennials
female,group B,bachelor's degree,standard,none,61,72,70,2004-04-01,7.2,Bajo,Gen Z
male,group A,associate's degree,standard,none,63,61,61,2009-05-26,5.0,Bajo,Gen Z
female,group C,some college,free/reduced,completed,42,66,69,1995-11-01,7.9,Bajo,Millennials
male,group D,some college,free/reduced,none,59,62,61,1999-09-21,7.2,Bajo,Gen Z
female,group D,some college,standard,none,80,90,89,2007-02-01,1.1,Alto,Gen Z
female,group B,high school,standard,none,58,62,59,1995-02-19,4.6,Bajo,Millennials
male,group B,some high school,standard,completed,85,84,78,2000-02-09,3.0,Medio,Gen Z
female,group C,some college,standard,none,52,58,58,1997-08-05,6.1,Bajo,Gen Z
female,group D,some high school,free/reduced,none,27,34,32,1996-08-18,4.2,Bajo,Millennials
male,group C,some college,standard,none,59,60,58,1999-10-14,6.8,Bajo,Gen Z
male,group A,bachelor's degree,free/reduced,completed,49,58,60,1997-02-22,5.2,Bajo,Gen Z
male,group C,high school,standard,completed,69,58,53,2002-07-21,4.3,Bajo,Gen Z
male,group C,bachelor's degree,free/reduced,none,61,66,61,1999-02-19,5.1,Bajo,Gen Z
female,group A,some high school,free/reduced,none,44,64,58,2002-05-25,4.9,Bajo,Gen Z
female,group D,some high school,standard,none,73,84,85,2006-12-23,5.0,Medio,Gen Z
male,group E,some college,standard,none,84,77,71,1998-01-10,2.8,Medio,Gen Z
female,group C,some college,free/reduced,completed,45,73,70,2000-06-09,4.1,Bajo,Gen Z
male,group D,some high school,standard,none,74,74,72,1996-12-10,3.0,Medio,Millennials
female,group D,some college,standard,completed,82,97,96,1997-08-21,1.5,Alto,Gen Z
female,group D,bachelor's degree,standard,none,59,70,73,1999-05-07,5.4,Bajo,Gen Z
male,group E,associate's degree,free/reduced,none,46,43,41,1998-12-18,6.8,Bajo,Gen Z
female,group D,some high school,standard,none,80,90,82,2009-08-08,3.6,Medio,Gen Z
female,group D,master's degree,free/reduced,completed,85,95,100,1997-12-22,1.2,Alto,Gen Z
female,group A,some high school,standard,none,71,83,77,1997-03-04,2.1,Medio,Gen Z
male,group A,bachelor's degree,standard,none,66,64,62,1999-12-21,5.2,Bajo,Gen Z
female,group B,associate's degree,standard,none,80,86,83,2000-05-06,4.9,Medio,Gen Z
male,group C,associate's degree,standard,completed,87,100,95,2001-09-03,1.1,Alto,Gen Z
male,group C,master's degree,free/reduced,none,79,81,71,2000-03-23,3.1,Medio,Gen Z
female,group E,some high school,free/reduced,none,38,49,45,2007-12-11,7.0,Bajo,Gen Z
female,group A,some high school,free/reduced,none,38,43,43,2000-06-21,4.6,Bajo,Gen Z
female,group E,some college,standard,none,67,76,75,2007-05-09,2.4,Medio,Gen Z
female,group E,bachelor's degree,standard,none,64,73,70,1996-04-11,6.1,Bajo,Millennials
female,group C,associate's degree,free/reduced,none,57,78,67,2003-04-03,7.1,Bajo,Gen Z
female,group D,high school,standard,none,62,64,64,1995-10-11,6.1,Bajo,Millennials
male,group D,master's degree,standard,none,73,70,75,1998-12-03,3.2,Medio,Gen Z
male,group E,some high school,free/reduced,completed,73,67,59,2008-09-11,6.7,Bajo,Gen Z
female,group D,some college,standard,none,77,68,77,1996-11-01,3.9,Medio,Millennials
male,group E,some college,standard,none,76,67,67,2001-11-11,4.8,Medio,Gen Z
male,group C,associate's degree,standard,completed,57,54,56,1997-08-18,5.4,Bajo,Gen Z
female,group C,some high school,standard,completed,65,74,77,1998-10-28,2.8,Medio,Gen Z
male,group A,high school,free/reduced,none,48,45,41,2000-10-28,6.2,Bajo,Gen Z
female,group B,high school,free/reduced,none,50,67,63,1999-02-20,5.7,Bajo,Gen Z
female,group C,associate's degree,standard,none,85,89,95,1995-08-23,0.5,Alto,Millennials
male,group B,some high school,standard,none,74,63,57,2007-02-02,5.5,Bajo,Gen Z
male,group D,some high school,standard,none,60,59,54,2003-07-19,5.1,Bajo,Gen Z
female,group C,some high school,standard,completed,59,54,67,2003-12-28,7.4,Bajo,Gen Z
male,group A,some college,standard,none,53,43,43,1998-09-27,6.2,Bajo,Gen Z
female,group A,some college,free/reduced,none,49,65,55,1995-08-03,5.0,Bajo,Millennials
female,group D,high school,standard,completed,88,99,100,2007-12-19,1.6,Alto,Gen Z
female,group C,high school,standard,none,54,59,62,2005-08-07,4.9,Bajo,Gen Z
female,group C,some high school,standard,none,63,73,68,2003-02-16,4.4,Bajo,Gen Z
male,group B,associate's degree,standard,completed,65,65,63,1997-11-24,7.9,Bajo,Gen Z
female,group B,associate's degree,standard,none,82,80,77,2004-01-18,2.3,Medio,Gen Z
female,group D,high school,free/reduced,completed,52,57,56,1996-07-08,6.1,Bajo,Millennials
male,group D,associate's degree,standard,completed,87,84,85,2000-09-10,1.0,Alto,Gen Z
female,group D,master's degree,standard,completed,70,71,74,2008-09-17,4.6,Medio,Gen Z
male,group E,some college,standard,completed,84,83,78,1996-05-24,3.4,Medio,Millennials
male,group D,associate's degree,standard,none,71,66,60,2008-02-12,6.5,Bajo,Gen Z
male,group B,some high school,standard,completed,63,67,67,1996-09-10,4.2,Bajo,Millennials
female,group C,bachelor's degree,free/reduced,completed,51,72,79,2004-04-01,6.3,Bajo,Gen Z
male,group E,high school,standard,none,84,73,69,1997-07-18,4.7,Medio,Gen Z
male,group C,bachelor's degree,standard,completed,71,74,68,2007-02-03,4.7,Medio,Gen Z
male,group C,associate's degree,standard,none,74,73,67,2004-01-08,4.4,Medio,Gen Z
male,group D,some college,standard,none,68,59,62,2008-01-27,4.4,Bajo,Gen Z
male,group E,high school,free/reduced,completed,57,56,54,2010-12-19,7.4,Bajo,Gen Z
female,group C,associate's degree,free/reduced,completed,82,93,93,2003-10-21,1.1,Alto,Gen Z
female,group D,high school,standard,completed,57,58,64,2007-06-26,7.8,Bajo,Gen Z
female,group D,master's degree,free/reduced,completed,47,58,67,2005-06-19,4.2,Bajo,Gen Z
female,group A,some high school,standard,completed,59,85,80,2010-04-27,2.8,Medio,Gen Z
male,group B,some college,free/reduced,none,41,39,34,2001-12-01,6.1,Bajo,Gen Z
female,group C,some college,free/reduced,none,62,67,62,2006-12-08,7.8,Bajo,Gen Z
male,group C,bachelor's degree,standard,none,86,83,86,2002-08-16,0.7,Alto,Gen Z
male,group C,some high school,free/reduced,none,69,71,65,1998-08-07,4.8,Bajo,Gen Z
male,group A,some high school,free/reduced,none,65,59,53,1998-03-07,5.8,Bajo,Gen Z
male,group C,some high school,free/reduced,none,68,63,54,1998-09-27,7.7,Bajo,Gen Z
male,group C,associate's degree,free/reduced,none,64,66,59,1998-04-09,6.2,Bajo,Gen Z
female,group C,high school,standard,none,61,72,70,2000-05-05,7.5,Bajo,Gen Z
male,group C,high school,standard,none,61,56,55,1998-02-28,5.0,Bajo,Gen Z
female,group A,some high school,free/reduced,none,47,59,50,2000-11-21,5.6,Bajo,Gen Z
male,group C,some high school,standard,none,73,66,66,1995-04-26,5.8,Bajo,Millennials
male,group C,some college,free/reduced,completed,50,48,53,1997-11-03,4.3,Bajo,Gen Z
male,group D,associate's degree,standard,none,75,68,64,2002-05-22,7.4,Bajo,Gen Z
male,group D,associate's degree,free/reduced,none,75,66,73,2010-01-22,3.3,Medio,Gen Z
male,group C,high school,standard,none,70,56,51,2010-04-27,6.3,Bajo,Gen Z
male,group D,some high school,standard,completed,89,88,82,2004-03-28,0.9,Alto,Gen Z
female,group C,some college,standard,completed,67,81,79,1999-11-01,2.3,Medio,Gen Z
female,group D,high school,standard,none,78,81,80,2004-08-16,3.4,Medio,Gen Z
female,group A,some high school,free/reduced,none,59,73,69,2004-01-20,7.8,Bajo,Gen Z
female,group B,associate's degree,standard,none,73,83,76,2006-12-28,4.8,Medio,Gen Z
male,group A,some high school,free/reduced,none,79,82,73,1999-07-08,2.7,Medio,Gen Z
female,group C,some high school,standard,completed,67,74,77,2007-02-23,2.9,Medio,Gen Z
male,group D,some college,free/reduced,none,69,66,60,2005-04-19,6.3,Bajo,Gen Z
male,group C,high school,standard,completed,86,81,80,1997-03-28,2.3,Medio,Gen Z
male,group B,high school,standard,none,47,46,42,2006-11-05,5.5,Bajo,Gen Z
male,group B,associate's degree,standard,none,81,73,72,1995-06-07,4.2,Medio,Millennials
female,group C,some college,free/reduced,completed,64,85,85,1998-07-08,3.6,Medio,Gen Z
female,group E,some college,standard,none,100,92,97,2007-01-25,1.3,Alto,Gen Z
female,group C,associate's degree,free/reduced,none,65,77,74,2010-10-17,2.1,Medio,Gen Z
male,group C,some college,free/reduced,none,65,58,49,2006-09-23,4.4,Bajo,Gen Z
female,group C,associate's degree,free/reduced,none,53,61,62,1995-05-23,7.3,Bajo,Millennials
male,group C,bachelor's degree,free/reduced,none,37,56,47,1996-07-03,6.8,Bajo,Millennials
female,group D,bachelor's degree,standard,none,79,89,89,2002-11-15,1.0,Alto,Gen Z
male,group D,associate's degree,free/reduced,none,53,54,48,1998-08-18,7.8,Bajo,Gen Z
female,group E,bachelor's degree,standard,none,100,100,100,2006-06-09,0.8,Alto,Gen Z
male,group B,high school,standard,completed,72,65,68,1997-06-03,5.0,Bajo,Gen Z
male,group C,bachelor's degree,free/reduced,none,53,58,55,1997-12-06,5.6,Bajo,Gen Z
male,group B,some college,free/reduced,none,54,54,45,2001-10-27,5.1,Bajo,Gen Z
female,group E,some college,standard,none,71,70,76,2001-11-22,4.0,Medio,Gen Z
female,group C,some college,free/reduced,none,77,90,91,2003-03-13,0.6,Alto,Gen Z
male,group A,bachelor's degree,standard,completed,75,58,62,1998-12-14,6.9,Bajo,Gen Z
female,group C,some college,standard,none,84,87,91,1999-02-16,1.8,Alto,Gen Z
female,group D,associate's degree,free/reduced,none,26,31,38,2004-06-15,7.2,Bajo,Gen Z
male,group A,high school,free/reduced,completed,72,67,65,2008-04-02,6.3,Bajo,Gen Z
female,group A,high school,free/reduced,completed,77,88,85,1998-08-20,2.9,Medio,Gen Z
male,group C,some college,standard,none,91,74,76,2005-05-18,2.7,Medio,Gen Z
female,group C,associate's degree,standard,completed,83,85,90,2002-02-14,1.9,Alto,Gen Z
female,group C,high school,standard,none,63,69,74,2002-04-06,4.8,Bajo,Gen Z
female,group C,associate's degree,standard,completed,68,86,84,1996-01-22,3.8,Medio,Millennials
female,group D,some high school,standard,none,59,67,61,1999-04-13,5.2,Bajo,Gen Z
female,group B,associate's degree,standard,completed,90,90,91,2005-10-09,0.7,Alto,Gen Z
female,group D,bachelor's degree,standard,completed,71,76,83,1996-08-06,3.5,Medio,Millennials
male,group E,bachelor's degree,standard,completed,76,62,66,2010-09-20,6.5,Bajo,Gen Z
male,group D,associate's degree,standard,none,80,68,72,2002-06-08,2.6,Medio,Gen Z
female,group D,master's degree,standard,none,55,64,70,2009-04-20,5.4,Bajo,Gen Z
male,group E,associate's degree,standard,none,76,71,67,1997-10-22,2.9,Medio,Gen Z
male,group B,high school,standard,completed,73,71,68,2007-12-20,3.7,Medio,Gen Z
female,group D,associate's degree,free/reduced,none,52,59,56,2005-09-05,7.9,Bajo,Gen Z
male,group C,some college,free/reduced,none,68,68,61,2007-06-20,6.3,Bajo,Gen Z
male,group A,high school,standard,none,59,52,46,2003-06-06,6.0,Bajo,Gen Z
female,group B,associate's degree,standard,none,49,52,54,2005-07-11,7.9,Bajo,Gen Z
male,group C,high school,standard,none,70,74,71,2001-05-16,5.0,Medio,Gen Z
male,group D,some college,free/reduced,none,61,47,56,2003-07-04,5.5,Bajo,Gen Z
female,group C,associate's degree,free/reduced,none,60,75,74,2002-06-24,7.1,Bajo,Gen Z
male,group B,some high school,standard,completed,64,53,57,1999-05-09,5.2,Bajo,Gen Z
male,group A,associate's degree,free/reduced,completed,79,82,82,2004-05-03,4.3,Medio,Gen Z
female,group A,associate's degree,free/reduced,none,65,85,76,2010-08-22,4.4,Medio,Gen Z
female,group C,associate's degree,standard,none,64,64,70,2000-04-17,6.3,Bajo,Gen Z
female,group C,some college,standard,none,83,83,90,2005-12-03,0.7,Alto,Gen Z
female,group C,bachelor's degree,standard,none,81,88,90,2000-08-01,0.9,Alto,Gen Z
female,group B,high school,standard,none,54,64,68,2001-09-19,5.6,Bajo,Gen Z
male,group D,high school,standard,completed,68,64,66,2001-02-10,7.4,Bajo,Gen Z
female,group C,some college,standard,none,54,48,52,2010-07-20,5.9,Bajo,Gen Z
female,group D,some college,free/reduced,completed,59,78,76,2009-06-23,4.4,Medio,Gen Z
female,group B,some high school,standard,none,66,69,68,2008-09-11,4.4,Bajo,Gen Z
male,group E,some college,standard,none,76,71,72,1995-09-06,2.9,Medio,Millennials
female,group D,master's degree,standard,none,74,79,82,2004-05-27,4.1,Medio,Gen Z
female,group B,associate's degree,standard,completed,94,87,92,1999-09-06,1.2,Alto,Gen Z
male,group C,some college,free/reduced,none,63,61,54,2005-11-12,4.8,Bajo,Gen Z
female,group E,associate's degree,standard,completed,95,89,92,2006-04-25,1.3,Alto,Gen Z
female,group D,master's degree,free/reduced,none,40,59,54,2000-11-20,4.1,Bajo,Gen Z
female,group B,some high school,standard,none,82,82,80,2009-11-11,4.3,Medio,Gen Z
male,group A,high school,standard,none,68,70,66,2004-01-18,6.2,Bajo,Gen Z
male,group B,bachelor's degree,free/reduced,none,55,59,54,1999-01-11,6.6,Bajo,Gen Z
male,group C,master's degree,standard,none,79,78,77,2010-12-08,2.5,Medio,Gen Z
female,group C,bachelor's degree,standard,none,86,92,87,2006-10-23,1.7,Alto,Gen Z
male,group D,some college,standard,none,76,71,73,2003-09-16,4.8,Medio,Gen Z
male,group A,some high school,standard,none,64,50,43,2010-11-19,4.7,Bajo,Gen Z
male,group D,some high school,free/reduced,none,62,49,52,1995-07-12,4.8,Bajo,Millennials
female,group B,some high school,standard,completed,54,61,62,1998-04-19,6.0,Bajo,Gen Z
female,group B,master's degree,free/reduced,completed,77,97,94,2009-02-15,1.0,Alto,Gen Z
female,group C,some high school,standard,completed,76,87,85,2007-06-07,2.2,Medio,Gen Z
female,group D,some college,standard,none,74,89,84,2007-05-05,3.4,Medio,Gen Z
female,group E,some college,standard,completed,66,74,73,2007-05-17,4.5,Medio,Gen Z
female,group D,some high school,standard,completed,66,78,78,1996-05-02,3.7,Medio,Millennials
female,group B,high school,free/reduced,completed,67,78,79,1998-12-13,4.6,Medio,Gen Z
male,group D,some college,standard,none,71,49,52,2003-11-17,6.8,Bajo,Gen Z
female,group C,associate's degree,standard,none,91,86,84,1997-07-25,1.1,Alto,Gen Z
male,group D,bachelor's degree,standard,none,69,58,57,2001-06-22,6.5,Bajo,Gen Z
male,group C,master's degree,free/reduced,none,54,59,50,2000-12-21,5.8,Bajo,Gen Z
male,group C,high school,standard,completed,53,52,49,2001-06-09,5.6,Bajo,Gen Z
male,group E,some college,standard,none,68,60,59,2005-03-19,8.0,Bajo,Gen Z
male,group C,some high school,free/reduced,completed,56,61,60,2008-09-07,7.0,Bajo,Gen Z
female,group C,high school,free/reduced,none,36,53,43,2009-08-21,5.8,Bajo,Gen Z
female,group D,bachelor's degree,free/reduced,none,29,41,47,2004-10-26,6.3,Bajo,Gen Z
female,group C,associate's degree,standard,none,62,74,70,2006-08-15,5.3,Bajo,Gen Z
female,group C,associate's degree,standard,completed,68,67,73,2001-01-22,8.0,Bajo,Gen Z
female,group C,some high school,standard,none,47,54,53,2002-03-20,6.6,Bajo,Gen Z
male,group E,associate's degree,standard,completed,62,61,58,2001-08-17,4.2,Bajo,Gen Z
female,group E,associate's degree,standard,completed,79,88,94,2010-07-18,0.5,Alto,Gen Z
male,group B,high school,standard,completed,73,69,68,2006-02-28,3.9,Medio,Gen Z
female,group C,bachelor's degree,free/reduced,completed,66,83,83,2001-10-22,3.6,Medio,Gen Z
male,group C,associate's degree,standard,completed,51,60,58,1997-02-24,5.2,Bajo,Gen Z
female,group D,high school,standard,none,51,66,62,1999-03-14,5.9,Bajo,Gen Z
male,group E,bachelor's degree,standard,completed,85,66,71,2009-06-12,3.1,Medio,Gen Z
male,group A,associate's degree,standard,completed,97,92,86,2000-11-13,1.6,Alto,Gen Z
male,group C,high school,standard,completed,75,69,68,2003-02-17,3.8,Medio,Gen Z
male,group D,associate's degree,free/reduced,completed,79,82,80,2008-12-09,3.4,Medio,Gen Z
female,group C,associate's degree,standard,none,81,77,79,2007-06-07,2.2,Medio,Gen Z
female,group D,associate's degree,standard,none,82,95,89,2005-11-13,1.0,Alto,Gen Z
female,group D,master's degree,standard,none,64,63,66,2001-03-13,5.9,Bajo,Gen Z
male,group E,some high school,free/reduced,completed,78,83,80,2002-10-23,3.4,Medio,Gen Z
female,group A,some high school,standard,completed,92,100,97,2009-04-09,0.6,Alto,Gen Z
male,group C,high school,standard,completed,72,67,64,2004-12-06,5.9,Bajo,Gen Z
female,group C,high school,free/reduced,none,62,67,64,2009-02-16,5.2,Bajo,Gen Z
male,group C,master's degree,standard,none,79,72,69,2005-07-28,2.3,Medio,Gen Z
male,group C,some high school,free/reduced,none,79,76,65,1999-07-27,3.8,Medio,Gen Z
male,group B,bachelor's degree,free/reduced,completed,87,90,88,2001-01-13,0.6,Alto,Gen Z
female,group B,associate's degree,standard,none,40,48,50,1999-05-02,7.2,Bajo,Gen Z
male,group D,some college,free/reduced,none,77,62,64,1999-07-14,7.5,Bajo,Gen Z
male,group E,associate's degree,standard,none,53,45,40,2002-08-12,4.2,Bajo,Gen Z
female,group C,some college,free/reduced,none,32,39,33,2003-09-12,5.4,Bajo,Gen Z
female,group C,associate's degree,standard,completed,55,72,79,2007-11-03,7.1,Bajo,Gen Z
male,group C,master's degree,free/reduced,none,61,67,66,2001-04-28,6.1,Bajo,Gen Z
female,group B,associate's degree,free/reduced,none,53,70,70,2010-03-06,6.0,Bajo,Gen Z
male,group D,some high school,standard,none,73,66,62,2000-05-08,5.2,Bajo,Gen Z
female,group D,some college,standard,completed,74,75,79,2001-10-14,4.5,Medio,Gen Z
female,group C,some college,standard,none,63,74,74,2009-08-16,3.0,Medio,Gen Z
male,group C,bachelor's degree,standard,completed,96,90,92,2002-02-27,1.6,Alto,Gen Z
female,group D,some college,free/reduced,completed,63,80,80,2004-01-09,3.5,Medio,Gen Z
male,group B,bachelor's degree,free/reduced,none,48,51,46,2006-04-25,6.7,Bajo,Gen Z
male,group B,associate's degree,standard,none,48,43,45,2008-03-08,4.2,Bajo,Gen Z
female,group E,bachelor's degree,free/reduced,completed,92,100,100,2001-07-07,1.4,Alto,Gen Z
female,group D,master's degree,free/reduced,completed,61,71,78,1999-03-19,2.7,Medio,Gen Z
male,group B,high school,free/reduced,none,63,48,47,1999-08-12,4.9,Bajo,Gen Z
male,group D,bachelor's degree,free/reduced,none,68,68,67,1998-05-17,6.5,Bajo,Gen Z
male,group B,some college,standard,completed,71,75,70,2001-04-24,3.6,Medio,Gen Z
male,group A,bachelor's degree,standard,none,91,96,92,2009-02-02,0.8,Alto,Gen Z
female,group C,some college,standard,none,53,62,56,2007-04-04,7.5,Bajo,Gen Z
female,group C,high school,free/reduced,completed,50,66,64,2003-03-21,4.0,Bajo,Gen Z
female,group E,high school,standard,none,74,81,71,1999-05-11,4.9,Medio,Gen Z
male,group A,associate's degree,free/reduced,completed,40,55,53,2002-11-24,7.5,Bajo,Gen Z
male,group A,some college,standard,completed,61,51,52,2000-12-12,6.8,Bajo,Gen Z
female,group B,high school,standard,none,81,91,89,2006-03-26,1.1,Alto,Gen Z
female,group B,some college,free/reduced,completed,48,56,58,2004-03-10,6.8,Bajo,Gen Z
female,group D,master's degree,standard,none,53,61,68,1995-07-12,5.2,Bajo,Millennials
female,group D,some high school,standard,none,81,97,96,1997-08-17,1.0,Alto,Gen Z
female,group E,some high school,standard,none,77,79,80,2003-11-12,3.7,Medio,Gen Z
female,group D,bachelor's degree,free/reduced,none,63,73,78,2005-03-07,4.7,Medio,Gen Z
female,group D,associate's degree,standard,completed,73,75,80,2010-11-06,3.9,Medio,Gen Z
female,group D,some college,standard,none,69,77,77,2004-09-13,3.7,Medio,Gen Z
female,group C,associate's degree,standard,none,65,76,76,2008-06-04,2.9,Medio,Gen Z
female,group A,high school,standard,none,55,73,73,2005-11-19,5.8,Bajo,Gen Z
female,group C,bachelor's degree,free/reduced,none,44,63,62,2008-05-06,7.2,Bajo,Gen Z
female,group C,some college,standard,none,54,64,65,1998-10-07,4.3,Bajo,Gen Z
female,group A,some high school,standard,none,48,66,65,2007-04-20,4.1,Bajo,Gen Z
male,group C,some college,free/reduced,none,58,57,54,2008-05-06,6.4,Bajo,Gen Z
male,group A,some high school,standard,none,71,62,50,1996-01-22,6.2,Bajo,Millennials
male,group E,bachelor's degree,standard,none,68,68,64,1996-10-04,6.1,Bajo,Millennials
female,group E,high school,standard,none,74,76,73,2000-08-28,2.6,Medio,Gen Z
female,group C,bachelor's degree,standard,completed,92,100,99,2000-12-16,1.7,Alto,Gen Z
female,group C,bachelor's degree,standard,completed,56,79,72,1999-09-06,7.6,Bajo,Gen Z
male,group B,high school,free/reduced,none,30,24,15,2008-04-18,7.4,Bajo,Gen Z
male,group A,some high school,standard,none,53,54,48,1999-11-28,6.4,Bajo,Gen Z
female,group D,high school,standard,none,69,77,73,1995-08-25,3.6,Medio,Millennials
female,group D,some high school,standard,none,65,82,81,2010-05-12,3.4,Medio,Gen Z
female,group D,master's degree,standard,none,54,60,63,2000-01-17,6.8,Bajo,Gen Z
female,group C,high school,standard,none,29,29,30,2007-12-28,4.7,Bajo,Gen Z
female,group E,some college,standard,none,76,78,80,2006-12-18,3.4,Medio,Gen Z
male,group D,high school,free/reduced,none,60,57,51,2004-06-20,5.9,Bajo,Gen Z
male,group D,master's degree,free/reduced,completed,84,89,90,1999-09-01,1.2,Alto,Gen Z
male,group C,some high school,standard,none,75,72,62,2000-10-23,4.4,Bajo,Gen Z
female,group C,associate's degree,standard,none,85,84,82,2005-03-17,4.6,Medio,Gen Z
female,group C,master's degree,free/reduced,none,40,58,54,2001-10-13,6.7,Bajo,Gen Z
female,group E,some college,standard,none,61,64,62,2001-02-01,5.3,Bajo,Gen Z
female,group B,associate's degree,standard,none,58,63,65,2001-09-08,7.3,Bajo,Gen Z
male,group D,some college,free/reduced,completed,69,60,63,2009-06-05,5.1,Bajo,Gen Z
female,group C,some college,standard,none,58,59,66,2001-08-21,4.4,Bajo,Gen Z
male,group C,bachelor's degree,standard,completed,94,90,91,2004-09-13,1.7,Alto,Gen Z
female,group C,associate's degree,standard,none,65,77,74,2006-06-04,2.4,Medio,Gen Z
female,group A,associate's degree,standard,none,82,93,93,2008-12-15,0.7,Alto,Gen Z
female,group C,high school,standard,none,60,68,72,2009-02-08,4.8,Bajo,Gen Z
female,group E,bachelor's degree,standard,none,37,45,38,2006-12-19,6.0,Bajo,Gen Z
male,group D,bachelor's degree,standard,none,88,78,83,2007-08-15,4.0,Medio,Gen Z
male,group D,master's degree,standard,none,95,81,84,2005-08-15,1.1,Alto,Gen Z
male,group C,associate's degree,free/reduced,completed,65,73,68,2004-12-04,7.7,Bajo,Gen Z
female,group C,high school,free/reduced,none,35,61,54,2009-01-04,4.5,Bajo,Gen Z
male,group B,bachelor's degree,free/reduced,none,62,63,56,2005-06-03,5.0,Bajo,Gen Z
male,group C,high school,free/reduced,completed,58,51,52,2004-02-14,5.8,Bajo,Gen Z
male,group A,some college,standard,completed,100,96,86,2000-05-10,0.5,Alto,Gen Z
female,group E,bachelor's degree,free/reduced,none,61,58,62,1998-04-04,5.7,Bajo,Gen Z
male,group D,some college,standard,completed,100,97,99,1995-11-03,1.9,Alto,Millennials
male,group B,associate's degree,free/reduced,completed,69,70,63,2003-05-09,6.8,Bajo,Gen Z
male,group D,associate's degree,standard,none,61,48,46,2007-11-09,7.1,Bajo,Gen Z
male,group D,some college,free/reduced,none,49,57,46,2009-09-04,5.4,Bajo,Gen Z
female,group C,some high school,standard,completed,44,51,55,1998-02-28,5.8,Bajo,Gen Z
male,group D,some college,standard,none,67,64,70,2005-07-11,5.6,Bajo,Gen Z
male,group B,high school,standard,none,79,60,65,2004-09-20,4.8,Bajo,Gen Z
female,group B,bachelor's degree,standard,completed,66,74,81,1999-08-06,4.7,Medio,Gen Z
female,group C,high school,standard,none,75,88,85,2004-07-04,2.6,Medio,Gen Z
male,group D,some high school,standard,none,84,84,80,2008-06-27,2.2,Medio,Gen Z
male,group A,high school,standard,none,71,74,64,2007-06-13,4.8,Bajo,Gen Z
female,group B,high school,free/reduced,completed,67,80,81,2003-09-12,3.8,Medio,Gen Z
female,group D,some high school,standard,completed,80,92,88,2003-06-10,1.2,Alto,Gen Z
male,group E,some college,standard,none,86,76,74,2009-05-15,3.1,Medio,Gen Z
female,group D,associate's degree,standard,none,76,74,73,1997-11-02,2.5,Medio,Gen Z
male,group D,high school,standard,none,41,52,51,1998-08-09,4.4,Bajo,Gen Z
female,group D,associate's degree,free/reduced,completed,74,88,90,2001-12-15,4.8,Medio,Gen Z
female,group B,some high school,free/reduced,none,72,81,79,2009-12-09,3.4,Medio,Gen Z
female,group E,high school,standard,completed,74,79,80,2000-06-11,2.0,Medio,Gen Z
male,group B,high school,standard,none,70,65,60,2010-08-25,5.3,Bajo,Gen Z
female,group B,bachelor's degree,standard,completed,65,81,81,2009-10-11,4.6,Medio,Gen Z
female,group D,associate's degree,standard,none,59,70,65,2004-02-16,7.3,Bajo,Gen Z
female,group E,high school,free/reduced,none,64,62,68,2008-08-15,6.9,Bajo,Gen Z
female,group B,high school,standard,none,50,53,55,2001-03-02,7.3,Bajo,Gen Z
female,group D,some college,standard,completed,69,79,81,2000-09-23,4.8,Medio,Gen Z
male,group C,some high school,free/reduced,completed,51,56,53,2003-03-02,5.6,Bajo,Gen Z
female,group A,high school,standard,completed,68,80,76,2009-03-19,4.6,Medio,Gen Z
female,group D,some college,standard,completed,85,86,98,1998-11-10,1.0,Alto,Gen Z
female,group A,associate's degree,standard,completed,65,70,74,1998-01-05,4.0,Bajo,Gen Z
female,group B,some high school,standard,none,73,79,79,2004-03-16,4.7,Medio,Gen Z
female,group B,some college,standard,none,62,67,67,2007-04-23,4.9,Bajo,Gen Z
male,group C,associate's degree,free/reduced,none,77,67,64,1995-09-28,6.6,Bajo,Millennials
male,group D,some high school,standard,none,69,66,61,2001-06-24,4.5,Bajo,Gen Z
female,group D,associate's degree,free/reduced,none,43,60,58,1995-06-23,7.3,Bajo,Millennials
male,group D,associate's degree,standard,none,90,87,85,1998-12-05,1.8,Alto,Gen Z
male,group C,some college,free/reduced,none,74,77,73,2006-05-13,2.0,Medio,Gen Z
male,group C,some high school,standard,none,73,66,63,1998-11-02,7.2,Bajo,Gen Z
female,group D,some college,free/reduced,none,55,71,69,1997-02-20,5.8,Bajo,Gen Z
female,group C,high school,standard,none,65,69,67,2005-11-25,4.2,Bajo,Gen Z
male,group D,associate's degree,standard,none,80,63,63,1999-03-22,7.0,Bajo,Gen Z
female,group C,some high school,free/reduced,completed,50,60,60,2002-01-04,7.1,Bajo,Gen Z
female,group C,some college,free/reduced,completed,63,73,71,2002-02-21,6.1,Bajo,Gen Z
female,group B,bachelor's degree,free/reduced,none,77,85,87,2003-06-19,2.1,Medio,Gen Z
male,group C,some college,standard,none,73,74,61,2002-03-24,5.7,Bajo,Gen Z
male,group D,associate's degree,standard,completed,81,72,77,2005-07-13,4.4,Medio,Gen Z
female,group C,high school,free/reduced,none,66,76,68,1996-01-07,3.9,Medio,Millennials
male,group D,associate's degree,free/reduced,none,52,57,50,2009-01-15,7.8,Bajo,Gen Z
female,group C,some college,standard,none,69,78,76,2007-09-16,2.4,Medio,Gen Z
female,group C,associate's degree,standard,completed,65,84,84,2005-08-14,2.9,Medio,Gen Z
female,group D,high school,standard,completed,69,77,78,1996-09-19,3.8,Medio,Millennials
female,group B,some college,standard,completed,50,64,66,2004-03-24,4.2,Bajo,Gen Z
female,group E,some college,standard,completed,73,78,76,1999-06-18,4.8,Medio,Gen Z
female,group C,some high school,standard,completed,70,82,76,2008-09-26,3.3,Medio,Gen Z
male,group D,associate's degree,free/reduced,none,81,75,78,2005-04-18,4.3,Medio,Gen Z
male,group D,some college,free/reduced,none,63,61,60,1997-06-05,4.2,Bajo,Gen Z
female,group D,high school,standard,none,67,72,74,2005-09-24,3.3,Medio,Gen Z
male,group B,high school,standard,none,60,68,60,1996-01-06,6.6,Bajo,Millennials
male,group B,high school,standard,none,62,55,54,2003-12-09,5.3,Bajo,Gen Z
female,group C,some high school,free/reduced,completed,29,40,44,1997-03-26,6.4,Bajo,Gen Z
male,group B,some college,standard,completed,62,66,68,2009-08-28,4.4,Bajo,Gen Z
female,group E,master's degree,standard,completed,94,99,100,1997-06-15,0.9,Alto,Gen Z
male,group E,some college,standard,completed,85,75,68,2003-06-26,3.4,Medio,Gen Z
male,group D,associate's degree,free/reduced,none,77,78,73,1998-01-16,4.0,Medio,Gen Z
male,group A,high school,free/reduced,none,53,58,44,2004-05-11,6.7,Bajo,Gen Z
male,group E,some college,free/reduced,none,93,90,83,2007-06-24,0.5,Alto,Gen Z
female,group C,associate's degree,standard,none,49,53,53,1999-09-25,5.5,Bajo,Gen Z
female,group E,associate's degree,free/reduced,none,73,76,78,2006-06-06,2.6,Medio,Gen Z
female,group C,bachelor's degree,free/reduced,completed,66,74,81,1997-03-12,2.0,Medio,Gen Z
female,group D,associate's degree,standard,none,77,77,73,2003-08-03,4.5,Medio,Gen Z
female,group C,some high school,standard,none,49,63,56,2009-09-18,7.5,Bajo,Gen Z
female,group D,some college,free/reduced,none,79,89,86,2010-06-11,2.5,Medio,Gen Z
female,group C,associate's degree,standard,completed,75,82,90,2004-02-12,4.4,Medio,Gen Z
female,group A,bachelor's degree,standard,none,59,72,70,2005-03-03,6.0,Bajo,Gen Z
female,group D,associate's degree,standard,completed,57,78,79,2001-12-08,2.2,Medio,Gen Z
male,group C,high school,free/reduced,none,66,66,59,2002-08-17,7.6,Bajo,Gen Z
female,group E,bachelor's degree,standard,completed,79,81,82,2006-11-08,4.3,Medio,Gen Z
female,group B,some high school,standard,none,57,67,72,2009-09-23,5.0,Bajo,Gen Z
male,group A,bachelor's degree,standard,completed,87,84,87,2006-08-17,0.9,Alto,Gen Z
female,group D,some college,standard,none,63,64,67,2007-03-09,5.0,Bajo,Gen Z
female,group B,some high school,free/reduced,completed,59,63,64,1998-04-24,4.7,Bajo,Gen Z
male,group A,bachelor's degree,free/reduced,none,62,72,65,1998-08-11,6.8,Bajo,Gen Z
male,group D,high school,standard,none,46,34,36,2006-09-13,5.6,Bajo,Gen Z
male,group C,some college,standard,none,66,59,52,1996-09-08,7.0,Bajo,Millennials
male,group D,high school,standard,none,89,87,79,2009-02-03,0.8,Alto,Gen Z
female,group D,associate's degree,free/reduced,completed,42,61,58,2002-01-23,7.7,Bajo,Gen Z
male,group C,some college,standard,completed,93,84,90,1996-02-08,1.3,Alto,Millennials
female,group E,some high school,standard,completed,80,85,85,2009-12-04,4.7,Medio,Gen Z
female,group D,some college,standard,none,98,100,99,2000-08-23,0.8,Alto,Gen Z
male,group D,master's degree,standard,none,81,81,84,2009-11-14,4.7,Medio,Gen Z
female,group B,some high school,standard,completed,60,70,74,2001-10-11,6.2,Bajo,Gen Z
female,group B,associate's degree,free/reduced,completed,76,94,87,2009-01-28,1.6,Alto,Gen Z
male,group C,associate's degree,standard,completed,73,78,72,1995-05-28,4.8,Medio,Millennials
female,group C,associate's degree,standard,completed,96,96,99,1996-02-22,0.5,Alto,Millennials
female,group C,high school,standard,none,76,76,74,2000-04-05,3.7,Medio,Gen Z
male,group E,associate's degree,free/reduced,completed,91,73,80,2004-03-03,2.9,Medio,Gen Z
female,group C,some college,free/reduced,none,62,72,70,1997-02-17,5.3,Bajo,Gen Z
male,group D,some high school,free/reduced,completed,55,59,59,1999-03-21,6.2,Bajo,Gen Z
female,group B,some high school,free/reduced,completed,74,90,88,2000-02-10,2.2,Medio,Gen Z
male,group C,high school,standard,none,50,48,42,2003-05-01,5.1,Bajo,Gen Z
male,group B,some college,standard,none,47,43,41,2009-12-02,5.2,Bajo,Gen Z
male,group E,some college,standard,completed,81,74,71,2002-08-16,3.7,Medio,Gen Z
female,group E,associate's degree,standard,completed,65,75,77,1996-09-16,2.5,Medio,Millennials
male,group E,some high school,standard,completed,68,51,57,1998-07-25,5.9,Bajo,Gen Z
female,group D,high school,free/reduced,none,73,92,84,1999-01-06,3.1,Medio,Gen Z
male,group C,some college,standard,none,53,39,37,1996-04-27,4.4,Bajo,Millennials
female,group B,associate's degree,free/reduced,completed,68,77,80,1996-01-06,4.6,Medio,Millennials
male,group A,some high school,free/reduced,none,55,46,43,1996-02-08,4.8,Bajo,Millennials
female,group C,some college,standard,completed,87,89,94,2004-11-28,1.8,Alto,Gen Z
male,group D,some high school,standard,none,55,47,44,2000-09-20,5.8,Bajo,Gen Z
female,group E,some college,free/reduced,none,53,58,57,1998-12-19,6.3,Bajo,Gen Z
male,group C,master's degree,standard,none,67,57,59,2003-11-24,4.8,Bajo,Gen Z
male,group C,associate's degree,standard,none,92,79,84,2007-02-27,1.8,Alto,Gen Z
female,group B,some college,free/reduced,completed,53,66,73,2005-06-11,4.1,Bajo,Gen Z
male,group D,associate's degree,standard,none,81,71,73,1997-09-14,3.1,Medio,Gen Z
male,group C,high school,free/reduced,none,61,60,55,1996-09-19,6.7,Bajo,Millennials
male,group D,bachelor's degree,standard,none,80,73,72,2004-05-07,2.5,Medio,Gen Z
female,group A,associate's degree,free/reduced,none,37,57,56,2009-04-27,7.2,Bajo,Gen Z
female,group C,high school,standard,none,81,84,82,2002-10-03,3.9,Medio,Gen Z
female,group C,associate's degree,standard,completed,59,73,72,2007-09-08,5.1,Bajo,Gen Z
male,group B,some college,free/reduced,none,55,55,47,2005-07-22,6.5,Bajo,Gen Z
male,group D,associate's degree,standard,none,72,79,74,2002-06-18,2.1,Medio,Gen Z
male,group D,high school,standard,none,69,75,71,1999-05-06,3.9,Medio,Gen Z
male,group C,some college,standard,none,69,64,68,1996-07-11,5.7,Bajo,Millennials
female,group C,bachelor's degree,free/reduced,none,50,60,59,1999-09-21,4.4,Bajo,Gen Z
male,group B,some college,standard,completed,87,84,86,2000-03-22,1.3,Alto,Gen Z
male,group D,some high school,standard,completed,71,69,68,2010-01-22,4.7,Bajo,Gen Z
male,group E,some college,standard,none,68,72,65,2007-09-23,4.6,Bajo,Gen Z
male,group C,master's degree,free/reduced,completed,79,77,75,2001-08-07,3.1,Medio,Gen Z
female,group C,some high school,standard,completed,77,90,85,2005-01-27,2.4,Medio,Gen Z
male,group C,associate's degree,free/reduced,none,58,55,53,2004-03-27,4.8,Bajo,Gen Z
female,group E,associate's degree,standard,none,84,95,92,2010-02-18,1.8,Alto,Gen Z
male,group D,some college,standard,none,55,58,52,1997-09-12,5.7,Bajo,Gen Z
male,group E,bachelor's degree,free/reduced,completed,70,68,72,1999-08-15,2.6,Medio,Gen Z
female,group D,some college,free/reduced,completed,52,59,65,2006-06-03,5.8,Bajo,Gen Z
male,group B,some college,standard,completed,69,77,77,2001-01-01,2.1,Medio,Gen Z
female,group C,high school,free/reduced,none,53,72,64,1998-11-11,7.5,Bajo,Gen Z
female,group D,some high school,standard,none,48,58,54,1997-11-23,7.5,Bajo,Gen Z
male,group D,some high school,standard,completed,78,81,86,1998-06-07,4.2,Medio,Gen Z
female,group B,high school,standard,none,62,62,63,1999-01-26,5.7,Bajo,Gen Z
male,group D,some college,standard,none,60,63,59,2006-06-01,4.6,Bajo,Gen Z
female,group B,high school,standard,none,74,72,72,2002-03-17,2.6,Medio,Gen Z
female,group C,high school,standard,completed,58,75,77,2005-01-24,3.9,Medio,Gen Z
male,group B,high school,standard,completed,76,62,60,2009-03-02,6.9,Bajo,Gen Z
female,group D,some high school,standard,none,68,71,75,2004-10-24,4.6,Medio,Gen Z
male,group A,some college,free/reduced,none,58,60,57,2003-01-25,4.4,Bajo,Gen Z
male,group B,high school,standard,none,52,48,49,1998-12-01,4.5,Bajo,Gen Z
male,group D,bachelor's degree,standard,none,75,73,74,2005-05-01,3.5,Medio,Gen Z
female,group B,some high school,free/reduced,completed,52,67,72,2009-01-08,6.3,Bajo,Gen Z
female,group C,bachelor's degree,free/reduced,none,62,78,79,2006-10-03,4.4,Medio,Gen Z
male,group B,some college,standard,none,66,65,60,1999-01-03,5.8,Bajo,Gen Z
female,group B,some high school,free/reduced,none,49,58,55,1999-12-25,7.2,Bajo,Gen Z
female,group B,high school,standard,none,66,72,70,2005-05-13,7.3,Bajo,Gen Z
female,group C,some college,free/reduced,none,35,44,43,2007-02-11,6.8,Bajo,Gen Z
female,group A,some college,standard,completed,72,79,82,2009-12-21,3.7,Medio,Gen Z
male,group E,associate's degree,standard,completed,94,85,82,1997-01-10,1.6,Alto,Gen Z
female,group D,associate's degree,free/reduced,none,46,56,57,2002-04-11,4.3,Bajo,Gen Z
female,group B,master's degree,standard,none,77,90,84,1996-03-18,3.7,Medio,Millennials
female,group B,high school,free/reduced,completed,76,85,82,2005-01-19,3.6,Medio,Gen Z
female,group C,associate's degree,standard,completed,52,59,62,2004-01-05,5.1,Bajo,Gen Z
male,group C,bachelor's degree,standard,completed,91,81,79,2000-10-08,2.6,Medio,Gen Z
female,group B,some high school,standard,completed,32,51,44,2003-06-14,5.0,Bajo,Gen Z
female,group E,some high school,free/reduced,none,72,79,77,1997-08-17,2.8,Medio,Gen Z
female,group B,some college,standard,none,19,38,32,2010-07-06,7.0,Bajo,Gen Z
male,group C,associate's degree,free/reduced,none,68,65,61,2000-10-05,5.8,Bajo,Gen Z
female,group C,master's degree,free/reduced,none,52,65,61,2008-07-01,4.4,Bajo,Gen Z
female,group B,high school,standard,none,48,62,60,1999-03-01,4.4,Bajo,Gen Z
female,group D,some college,free/reduced,none,60,66,70,2005-05-13,6.9,Bajo,Gen Z
male,group D,high school,free/reduced,none,66,74,69,2010-02-15,6.2,Bajo,Gen Z
male,group E,some high school,standard,completed,89,84,77,2008-05-24,2.8,Medio,Gen Z
female,group B,high school,standard,none,42,52,51,2006-09-16,5.5,Bajo,Gen Z
female,group E,associate's degree,free/reduced,completed,57,68,73,2008-06-05,4.4,Bajo,Gen Z
male,group D,high school,standard,none,70,70,70,1998-11-23,3.3,Medio,Gen Z
female,group E,associate's degree,free/reduced,none,70,84,81,2004-09-16,3.2,Medio,Gen Z
male,group E,some college,standard,none,69,60,54,1999-08-25,6.7,Bajo,Gen Z
female,group C,associate's degree,standard,none,52,55,57,2001-05-14,4.3,Bajo,Gen Z
male,group C,some high school,standard,completed,67,73,68,1999-08-17,5.4,Bajo,Gen Z
male,group C,some high school,standard,completed,76,80,73,2000-07-26,3.5,Medio,Gen Z
female,group E,associate's degree,standard,none,87,94,95,2004-09-23,1.2,Alto,Gen Z
female,group B,some college,standard,none,82,85,87,1995-06-22,3.3,Medio,Millennials
female,group C,some college,standard,none,73,76,78,1995-06-18,4.2,Medio,Millennials
male,group A,some college,free/reduced,none,75,81,74,2009-03-28,4.2,Medio,Gen Z
female,group D,some college,free/reduced,none,64,74,75,2000-04-26,4.3,Medio,Gen Z
female,group E,high school,free/reduced,none,41,45,40,2001-01-14,4.5,Bajo,Gen Z
male,group C,high school,standard,none,90,75,69,2010-07-05,3.1,Medio,Gen Z
male,group B,bachelor's degree,standard,none,59,54,51,2006-01-21,7.4,Bajo,Gen Z
male,group A,some high school,standard,none,51,31,36,1996-08-23,5.4,Bajo,Millennials
male,group A,high school,free/reduced,none,45,47,49,2010-06-27,4.5,Bajo,Gen Z
female,group C,master's degree,standard,completed,54,64,67,1997-10-23,7.7,Bajo,Gen Z
male,group E,some high school,standard,completed,87,84,76,2004-02-16,3.9,Medio,Gen Z
female,group C,high school,standard,none,72,80,83,1996-02-26,3.3,Medio,Millennials
male,group B,some high school,standard,completed,94,86,87,2000-07-19,0.9,Alto,Gen Z
female,group A,bachelor's degree,standard,none,45,59,64,2000-08-19,6.4,Bajo,Gen Z
male,group D,bachelor's degree,free/reduced,completed,61,70,76,2002-10-10,6.5,Bajo,Gen Z
female,group B,high school,free/reduced,none,60,72,68,1996-03-21,5.8,Bajo,Millennials
female,group C,some high school,standard,none,77,91,88,1996-07-25,1.6,Alto,Millennials
female,group A,some high school,standard,completed,85,90,92,1995-06-25,1.2,Alto,Millennials
female,group D,bachelor's degree,free/reduced,none,78,90,93,2004-12-27,0.5,Alto,Gen Z
male,group E,some college,free/reduced,completed,49,52,51,2000-01-19,4.2,Bajo,Gen Z
female,group B,high school,free/reduced,none,71,87,82,2000-02-19,4.0,Medio,Gen Z
female,group C,some high school,free/reduced,none,48,58,52,1999-07-04,6.1,Bajo,Gen Z
male,group C,high school,standard,none,62,67,58,2003-01-15,5.3,Bajo,Gen Z
female,group C,associate's degree,free/reduced,completed,56,68,70,2005-08-11,5.8,Bajo,Gen Z
female,group C,some high school,standard,none,65,69,76,1998-09-23,2.0,Medio,Gen Z
female,group D,some high school,free/reduced,completed,69,86,81,1998-01-20,3.2,Medio,Gen Z
male,group B,some high school,standard,none,68,54,53,1996-07-26,6.1,Bajo,Millennials
female,group A,some college,free/reduced,none,61,60,57,1995-11-17,6.0,Bajo,Millennials
female,group C,bachelor's degree,free/reduced,completed,74,86,89,1997-07-14,2.7,Medio,Gen Z
male,group A,bachelor's degree,standard,none,64,60,58,1995-12-16,5.2,Bajo,Millennials
female,group B,high school,standard,completed,77,82,89,2002-03-05,2.2,Medio,Gen Z
male,group B,some college,standard,none,58,50,45,2002-10-01,4.4,Bajo,Gen Z
female,group C,high school,standard,completed,60,64,74,1999-07-27,5.6,Bajo,Gen Z
male,group E,high school,standard,none,73,64,57,2005-02-28,5.0,Bajo,Gen Z
female,group A,high school,standard,completed,75,82,79,2008-05-17,3.6,Medio,Gen Z
male,group B,associate's degree,free/reduced,completed,58,57,53,2002-02-26,6.2,Bajo,Gen Z
female,group C,associate's degree,standard,none,66,77,73,1999-02-09,2.1,Medio,Gen Z
female,group D,high school,free/reduced,none,39,52,46,1995-09-16,7.0,Bajo,Millennials
male,group C,some high school,standard,none,64,58,51,1998-05-05,5.3,Bajo,Gen Z
female,group B,high school,free/reduced,completed,23,44,36,2004-03-11,5.8,Bajo,Gen Z
male,group B,some college,free/reduced,completed,74,77,76,2008-10-24,2.0,Medio,Gen Z
female,group D,some high school,free/reduced,completed,40,65,64,2007-07-06,5.4,Bajo,Gen Z
male,group E,master's degree,standard,none,90,85,84,2002-05-28,1.9,Alto,Gen Z
male,group C,master's degree,standard,completed,91,85,85,1999-02-06,1.1,Alto,Gen Z
male,group D,high school,standard,none,64,54,50,1998-06-15,6.3,Bajo,Gen Z
female,group C,high school,standard,none,59,72,68,2001-01-19,6.2,Bajo,Gen Z
male,group D,associate's degree,standard,none,80,75,69,2000-03-03,3.6,Medio,Gen Z
male,group C,master's degree,standard,none,71,67,67,2010-03-01,5.9,Bajo,Gen Z
female,group A,high school,standard,none,61,68,63,2003-05-28,4.9,Bajo,Gen Z
female,group E,some college,standard,none,87,85,93,1995-12-28,1.3,Alto,Millennials
male,group E,some high school,standard,none,82,67,61,2003-01-24,2.0,Medio,Gen Z
male,group C,some high school,standard,none,62,64,55,1997-10-21,4.1,Bajo,Gen Z
female,group B,bachelor's degree,standard,none,97,97,96,2000-07-10,1.3,Alto,Gen Z
male,group B,some college,free/reduced,none,75,68,65,2010-12-28,8.0,Bajo,Gen Z
female,group C,bachelor's degree,standard,none,65,79,81,2001-10-17,4.9,Medio,Gen Z
male,group B,high school,standard,completed,52,49,46,2006-07-18,5.6,Bajo,Gen Z
male,group C,associate's degree,free/reduced,none,87,73,72,1999-09-07,4.4,Medio,Gen Z
female,group C,associate's degree,standard,none,53,62,53,2010-04-05,7.5,Bajo,Gen Z
female,group E,master's degree,free/reduced,none,81,86,87,1997-09-14,4.5,Medio,Gen Z
male,group D,bachelor's degree,free/reduced,completed,39,42,38,2006-11-27,5.8,Bajo,Gen Z
female,group C,some college,standard,completed,71,71,80,1995-03-03,2.2,Medio,Millennials
male,group C,associate's degree,standard,none,97,93,91,2000-01-13,1.2,Alto,Gen Z
male,group D,some college,standard,completed,82,82,88,1999-05-23,4.6,Medio,Gen Z
male,group C,high school,free/reduced,none,59,53,52,2003-03-22,6.9,Bajo,Gen Z
male,group B,associate's degree,standard,none,61,42,41,1995-05-21,5.6,Bajo,Millennials
male,group E,associate's degree,free/reduced,completed,78,74,72,2000-06-15,2.3,Medio,Gen Z
male,group C,associate's degree,free/reduced,none,49,51,51,1998-11-17,5.1,Bajo,Gen Z
male,group B,high school,standard,none,59,58,47,2000-10-23,4.2,Bajo,Gen Z
female,group C,some college,standard,completed,70,72,76,2004-02-27,2.7,Medio,Gen Z
male,group B,associate's degree,standard,completed,82,84,78,1996-10-22,4.3,Medio,Millennials
male,group E,associate's degree,free/reduced,none,90,90,82,2001-04-28,1.1,Alto,Gen Z
female,group C,bachelor's degree,free/reduced,none,43,62,61,2001-08-05,6.8,Bajo,Gen Z
male,group C,some college,free/reduced,none,80,64,66,2005-08-22,2.8,Medio,Gen Z
male,group D,some college,standard,none,81,82,84,1997-01-25,2.6,Medio,Gen Z
male,group C,some high school,standard,none,57,61,54,2008-01-27,7.9,Bajo,Gen Z
female,group D,some high school,standard,none,59,72,80,1999-09-08,2.3,Medio,Gen Z
female,group D,associate's degree,standard,none,64,76,74,2002-09-26,2.7,Medio,Gen Z
male,group C,bachelor's degree,standard,completed,63,64,66,1997-09-25,6.6,Bajo,Gen Z
female,group E,bachelor's degree,standard,completed,71,70,70,1996-09-18,3.5,Medio,Millennials
female,group B,high school,free/reduced,none,64,73,71,2001-02-25,7.8,Bajo,Gen Z
male,group D,bachelor's degree,free/reduced,none,55,46,44,2008-09-11,5.6,Bajo,Gen Z
female,group E,associate's degree,standard,none,51,51,54,2002-04-09,6.6,Bajo,Gen Z
female,group C,associate's degree,standard,completed,62,76,80,2003-04-08,4.2,Medio,Gen Z
female,group E,associate's degree,standard,completed,93,100,95,2006-09-04,1.6,Alto,Gen Z
male,group C,high school,free/reduced,none,54,72,59,1996-07-26,5.0,Bajo,Millennials
female,group D,some college,free/reduced,none,69,65,74,2003-08-21,6.9,Bajo,Gen Z
male,group D,high school,free/reduced,none,44,51,48,2009-08-25,4.9,Bajo,Gen Z
female,group E,some college,standard,completed,86,85,91,1996-11-21,0.7,Alto,Millennials
female,group E,associate's degree,standard,none,85,92,85,2003-02-16,0.7,Alto,Gen Z
female,group A,master's degree,free/reduced,none,50,67,73,2004-02-01,7.3,Bajo,Gen Z
male,group D,some high school,standard,completed,88,74,75,2006-04-20,3.2,Medio,Gen Z
female,group E,associate's degree,standard,none,59,62,69,2010-09-23,7.2,Bajo,Gen Z
female,group E,some high school,free/reduced,none,32,34,38,2004-08-02,4.7,Bajo,Gen Z
male,group B,high school,free/reduced,none,36,29,27,2008-06-25,4.3,Bajo,Gen Z
female,group B,some high school,free/reduced,completed,63,78,79,2001-09-12,2.9,Medio,Gen Z
male,group D,associate's degree,standard,completed,67,54,63,2010-11-10,5.9,Bajo,Gen Z
female,group D,some high school,standard,completed,65,78,82,2007-03-18,3.9,Medio,Gen Z
male,group D,master's degree,standard,none,85,84,89,2010-09-03,0.6,Alto,Gen Z
female,group C,master's degree,standard,none,73,78,74,1997-07-24,2.1,Medio,Gen Z
female,group A,high school,free/reduced,completed,34,48,41,1997-07-27,5.2,Bajo,Gen Z
female,group D,bachelor's degree,free/reduced,completed,93,100,100,2000-02-06,1.1,Alto,Gen Z
female,group D,some high school,free/reduced,none,67,84,84,2005-06-15,3.1,Medio,Gen Z
male,group D,some college,standard,none,88,77,77,2002-09-03,4.6,Medio,Gen Z
male,group B,high school,standard,none,57,48,51,2006-04-22,4.7,Bajo,Gen Z
female,group D,some college,standard,completed,79,84,91,1999-02-13,2.7,Medio,Gen Z
female,group C,bachelor's degree,free/reduced,none,67,75,72,2005-04-11,3.1,Medio,Gen Z
male,group E,bachelor's degree,standard,completed,70,64,70,1998-12-02,7.6,Bajo,Gen Z
male,group D,bachelor's degree,free/reduced,none,50,42,48,2005-02-26,6.6,Bajo,Gen Z
female,group A,some college,standard,none,69,84,82,2005-01-10,4.0,Medio,Gen Z
female,group C,bachelor's degree,standard,completed,52,61,66,2009-09-26,4.0,Bajo,Gen Z
female,group C,bachelor's degree,free/reduced,completed,47,62,66,2010-01-06,6.0,Bajo,Gen Z
female,group B,associate's degree,free/reduced,none,46,61,55,2000-07-14,4.4,Bajo,Gen Z
female,group E,some college,standard,none,68,70,66,2009-05-18,7.2,Bajo,Gen Z
male,group E,bachelor's degree,standard,completed,100,100,100,2009-08-02,1.2,Alto,Gen Z
female,group C,high school,standard,none,44,61,52,2003-10-01,4.3,Bajo,Gen Z
female,group C,associate's degree,standard,completed,57,77,80,2002-05-07,2.4,Medio,Gen Z
male,group B,some college,standard,completed,91,96,91,2006-02-26,1.9,Alto,Gen Z
male,group D,high school,free/reduced,none,69,70,67,2005-11-28,7.9,Bajo,Gen Z
female,group C,high school,free/reduced,none,35,53,46,2004-02-28,4.3,Bajo,Gen Z
male,group D,high school,standard,none,72,66,66,2005-01-23,5.4,Bajo,Gen Z
female,group B,associate's degree,free/reduced,none,54,65,65,2010-04-15,7.8,Bajo,Gen Z
male,group D,high school,free/reduced,none,74,70,69,1995-02-27,3.9,Medio,Millennials
male,group E,some high school,standard,completed,74,64,60,2001-05-17,7.0,Bajo,Gen Z
male,group E,associate's degree,free/reduced,none,64,56,52,2000-07-19,4.2,Bajo,Gen Z
female,group D,high school,free/reduced,completed,65,61,71,1995-10-20,7.8,Bajo,Millennials
male,group E,associate's degree,free/reduced,completed,46,43,44,2006-12-22,7.1,Bajo,Gen Z
female,group C,some high school,free/reduced,none,48,56,51,2009-04-21,4.3,Bajo,Gen Z
male,group C,some college,free/reduced,completed,67,74,70,2003-08-27,3.3,Medio,Gen Z
male,group D,some college,free/reduced,none,62,57,62,2007-02-17,6.2,Bajo,Gen Z
male,group D,associate's degree,free/reduced,completed,61,71,73,2004-12-04,7.2,Bajo,Gen Z
male,group C,bachelor's degree,free/reduced,completed,70,75,74,2002-07-26,3.9,Medio,Gen Z
male,group C,associate's degree,standard,completed,98,87,90,2008-12-11,0.9,Alto,Gen Z
male,group D,some college,free/reduced,none,70,63,58,1999-10-19,7.5,Bajo,Gen Z
male,group A,associate's degree,standard,none,67,57,53,1999-06-11,7.3,Bajo,Gen Z
female,group E,high school,free/reduced,none,57,58,57,2005-06-28,5.8,Bajo,Gen Z
male,group D,some college,standard,completed,85,81,85,2005-03-27,4.3,Medio,Gen Z
male,group D,some high school,standard,completed,77,68,69,1995-03-23,3.0,Medio,Millennials
male,group C,master's degree,free/reduced,completed,72,66,72,2008-08-03,2.4,Medio,Gen Z
female,group D,master's degree,standard,none,78,91,96,1999-06-16,1.1,Alto,Gen Z
male,group C,high school,standard,none,81,66,64,2002-10-06,2.9,Medio,Gen Z
male,group A,some high school,free/reduced,completed,61,62,61,2005-10-27,5.7,Bajo,Gen Z
female,group B,high school,standard,none,58,68,61,2008-08-26,6.4,Bajo,Gen Z
female,group C,associate's degree,standard,none,54,61,58,2000-06-09,5.6,Bajo,Gen Z
male,group B,high school,standard,none,82,82,80,1995-10-09,3.7,Medio,Millennials
female,group D,some college,free/reduced,none,49,58,60,2002-06-25,7.6,Bajo,Gen Z
male,group B,some high school,free/reduced,completed,49,50,52,1998-02-02,6.0,Bajo,Gen Z
female,group E,high school,free/reduced,completed,57,75,73,1995-10-28,7.0,Bajo,Millennials
male,group E,high school,standard,none,94,73,71,2001-10-19,2.4,Medio,Gen Z
female,group D,some college,standard,completed,75,77,83,1996-06-16,3.8,Medio,Millennials
female,group E,some high school,free/reduced,none,74,74,72,2005-04-19,2.4,Medio,Gen Z
male,group C,high school,standard,completed,58,52,54,2003-07-26,6.6,Bajo,Gen Z
female,group C,some college,standard,none,62,69,69,2010-11-10,7.4,Bajo,Gen Z
male,group E,associate's degree,standard,none,72,57,62,1998-10-06,4.4,Bajo,Gen Z
male,group C,some college,standard,none,84,87,81,1999-09-05,2.9,Medio,Gen Z
female,group D,master's degree,standard,none,92,100,100,2004-12-26,1.9,Alto,Gen Z
female,group D,high school,standard,none,45,63,59,1997-06-12,4.5,Bajo,Gen Z
male,group C,high school,standard,none,75,81,71,2010-09-13,3.1,Medio,Gen Z
female,group A,some college,standard,none,56,58,64,1996-04-21,6.5,Bajo,Millennials
female,group D,some high school,free/reduced,none,48,54,53,1996-02-24,4.6,Bajo,Millennials
female,group E,associate's degree,standard,none,100,100,100,1998-05-04,1.1,Alto,Gen Z
female,group C,some high school,free/reduced,completed,65,76,75,1995-08-05,4.8,Medio,Millennials
male,group D,some college,standard,none,72,57,58,2002-07-16,4.0,Bajo,Gen Z
female,group D,some college,standard,none,62,70,72,2008-06-21,7.6,Bajo,Gen Z
male,group A,some high school,standard,completed,66,68,64,1997-10-02,5.8,Bajo,Gen Z
male,group C,some college,standard,none,63,63,60,2010-12-06,6.8,Bajo,Gen Z
female,group E,associate's degree,standard,none,68,76,67,2000-05-19,5.0,Medio,Gen Z
female,group B,bachelor's degree,standard,none,75,84,80,2008-01-14,4.0,Medio,Gen Z
female,group D,bachelor's degree,standard,none,89,100,100,1998-05-19,1.6,Alto,Gen Z
male,group C,some high school,standard,completed,78,72,69,1997-07-12,4.8,Medio,Gen Z
female,group A,high school,free/reduced,completed,53,50,60,1999-07-21,6.4,Bajo,Gen Z
female,group D,some college,free/reduced,none,49,65,61,2007-10-03,5.3,Bajo,Gen Z
female,group A,some college,standard,none,54,63,67,1998-03-14,6.5,Bajo,Gen Z
female,group C,some college,standard,completed,64,82,77,1996-06-19,2.9,Medio,Millennials
male,group B,some college,free/reduced,completed,60,62,60,2000-01-19,4.5,Bajo,Gen Z
male,group C,associate's degree,standard,none,62,65,58,2009-06-21,7.0,Bajo,Gen Z
male,group D,high school,standard,completed,55,41,48,2007-07-03,5.9,Bajo,Gen Z
female,group C,associate's degree,standard,none,91,95,94,2003-12-15,1.9,Alto,Gen Z
female,group B,high school,free/reduced,none,8,24,23,1997-01-14,5.9,Bajo,Gen Z
male,group D,some high school,standard,none,81,78,78,2002-02-25,3.1,Medio,Gen Z
male,group B,some high school,standard,completed,79,85,86,2002-03-05,2.9,Medio,Gen Z
female,group A,some college,standard,completed,78,87,91,2001-11-25,0.9,Alto,Gen Z
female,group C,some high school,standard,none,74,75,82,1996-02-05,4.5,Medio,Millennials
male,group A,high school,standard,none,57,51,54,1997-10-01,4.9,Bajo,Gen Z
female,group C,associate's degree,standard,none,40,59,51,2000-11-02,7.2,Bajo,Gen Z
male,group E,some high school,standard,completed,81,75,76,1997-10-19,4.5,Medio,Gen Z
female,group A,some high school,free/reduced,none,44,45,45,2007-09-19,4.5,Bajo,Gen Z
female,group D,some college,free/reduced,completed,67,86,83,2010-05-23,3.3,Medio,Gen Z
male,group E,high school,free/reduced,completed,86,81,75,1997-11-10,3.0,Medio,Gen Z
female,group B,some high school,standard,completed,65,82,78,2001-02-01,3.9,Medio,Gen Z
female,group D,associate's degree,free/reduced,none,55,76,76,2002-11-08,7.2,Bajo,Gen Z
female,group D,bachelor's degree,free/reduced,none,62,72,74,2007-09-24,5.4,Bajo,Gen Z
male,group A,high school,standard,none,63,63,62,2006-04-24,4.5,Bajo,Gen Z
female,group E,master's degree,standard,completed,88,99,95,2001-10-21,0.8,Alto,Gen Z
male,group C,high school,free/reduced,none,62,55,55,1995-12-07,7.0,Bajo,Millennials
female,group C,high school,free/reduced,completed,59,71,65,2000-02-28,5.4,Bajo,Gen Z
female,group D,some college,standard,completed,68,78,77,2000-06-10,4.5,Medio,Gen Z
female,group D,some college,free/reduced,none,77,86,86,1997-01-23,2.1,Medio,Gen Z